episode,reward,q1,q2,actor_loss,critic_loss,alpha,entropy,target_entropy,val_reward,buffer_size,patience_counter,best_val,difficulty
0,-14.02011286162966,0.955528391583357,1.1121570328250527,-2.8063144013285637,1.6454908642917871,0.9998351018875837,-1.770497690886259,-1.0,-43.598070624981176,288,0,-43.598070624981176,0.1
1,-13.60760726277883,2.733172919601202,2.7314971126616,-4.505619216296408,0.06659901556041506,0.9982362470279137,-1.7766914202107325,-1.0,-43.613788942799765,576,1,-43.598070624981176,0.1
2,-16.617785363432404,4.733418941497803,4.733595444096459,-6.502983038624127,0.035844110165877886,0.9953643768611882,-1.7823672923776839,-1.0,-43.49105753490502,864,0,-43.49105753490502,0.1
3,-13.172155182873757,6.806576467222637,6.806641010774507,-8.571968073646227,0.04191622295830813,0.992507241666317,-1.781368590063519,-1.0,-40.510337832584725,1152,0,-40.510337832584725,0.1
4,-12.11298479634036,8.932580871714485,8.93262835012542,-10.69293573167589,0.05001614586864081,0.9896621215674613,-1.7819611570901341,-1.0,-43.59313404735335,1440,1,-40.510337832584725,0.11
5,-14.473992006695902,11.079355796178183,11.079341130124199,-12.833618756797579,0.06010597754114618,0.9868278515835603,-1.7825697631471686,-1.0,-43.48329438071736,1728,2,-40.510337832584725,0.11
6,-10.456050887513678,13.217923591534296,13.21795923842324,-14.96608959303962,0.07164447757855265,0.9840048646761311,-1.7815375506050057,-1.0,-40.314857878641384,2016,0,-40.314857878641384,0.11
7,-12.584443261463456,15.327870590819252,15.327879899077946,-17.069824781682755,0.09071165265696537,0.981192791627513,-1.7810579016804695,-1.0,-40.29266189942573,2304,0,-40.29266189942573,0.11
8,-12.599884499543386,17.40929502911038,17.409251272678375,-19.144255055321587,0.10561998994995116,0.9783903838445743,-1.7811081123848755,-1.0,-43.51748735561487,2592,1,-40.29266189942573,0.11
9,-14.260539433142933,19.466723091072506,19.466753555668724,-21.196217503812576,0.12693713204417792,0.9755975028706921,-1.7814391276074781,-1.0,-43.49828332972396,2880,2,-40.29266189942573,0.12
10,-15.672962844277805,21.490293595525955,21.490191651715172,-23.211602946122486,0.14318797069912156,0.9728141004840533,-1.780905510402388,-1.0,-37.68812597820892,3168,0,-37.68812597820892,0.12
11,-13.890548969509798,23.471661077605354,23.47170677449968,-25.187572558720905,0.16501500483395326,0.9700395380043321,-1.7811788767576218,-1.0,-41.97975341460656,3456,1,-37.68812597820892,0.12
12,-12.919304864908764,25.42689021428426,25.42693371242947,-27.136253906620873,0.1741539530016275,0.9672731786138482,-1.7817099139922195,-1.0,-36.27572130481065,3744,0,-36.27572130481065,0.12
13,-14.692166265422383,27.343203829394447,27.34313170115153,-29.046348717477585,0.22309521052779424,0.9645155444741249,-1.7822934707833662,-1.0,-38.24511408698968,4032,1,-36.27572130481065,0.12
14,-14.170005456214554,29.233871241410572,29.233951456016964,-30.92988078461753,0.22228877239912334,0.9617663770914078,-1.7808801386919286,-1.0,-38.73726500035071,4320,2,-36.27572130481065,0.13
15,-14.353021879055401,31.080448071161907,31.080376664797466,-32.77040537198385,0.2851335343180431,0.9590257778763771,-1.7814331303040187,-1.0,-37.352202563617915,4608,3,-36.27572130481065,0.13
16,-13.418561286346314,32.88772451877594,32.88784009218216,-34.57052589787377,0.2810947254248377,0.956293412587709,-1.7814034894108772,-1.0,-36.15262386665429,4896,0,-36.15262386665429,0.13
17,-13.758348453994842,34.65649323993259,34.65647563669417,-36.33352842595842,0.30544692280495334,0.953569293849998,-1.780737042427063,-1.0,-37.236325504797264,5184,1,-36.15262386665429,0.13
18,-13.858440392356252,36.39827202426063,36.39831819799211,-38.07050001621246,0.32687542350807536,0.9508531488892105,-1.7816990696721606,-1.0,-32.465515806383074,5472,0,-32.465515806383074,0.13
19,-12.45703165061694,38.10768679777781,38.10774685276879,-39.77346506383684,0.37126730458759183,0.9481448613935046,-1.7810423266556528,-1.0,-38.27031126160575,5760,1,-32.465515806383074,0.14
20,-13.228043604660675,39.77249048815833,39.77249126964145,-41.43309105767144,0.36761659006070757,0.9454443520969815,-1.7815901177624862,-1.0,-37.64166263101446,6048,2,-32.465515806383074,0.14
21,-13.810553591201689,41.40534986390008,41.405388010872734,-43.057757099469505,0.47009016260401243,0.9427514161086745,-1.7813090189463563,-1.0,-38.25033953404374,6336,3,-32.465515806383074,0.14
22,-13.480815226241189,43.00292672051324,43.002866983413696,-44.64833802647061,0.4714592774139924,0.94006707581381,-1.7801457850469484,-1.0,-39.926980633692004,6624,4,-32.465515806383074,0.14
23,-12.420495835034535,44.564138770103455,44.56423362096151,-46.20600467258029,0.5194514610597657,0.9373901929292414,-1.781363980223735,-1.0,-36.412712351815074,6912,5,-32.465515806383074,0.14
24,-14.212757523438263,46.09512444337209,46.09518831306033,-47.730195336871674,0.48859497289069825,0.9347209402670463,-1.7806295487615798,-1.0,-34.55116256894981,7200,6,-32.465515806383074,0.15000000000000002
25,-12.86606834782879,47.59508244196574,47.5950776471032,-49.22469933827718,0.5440336802534552,0.9320592981659703,-1.7810890869134002,-1.0,-35.717214849132425,7488,7,-32.465515806383074,0.15000000000000002
26,-13.033968804546783,49.05393968688117,49.053873194588554,-50.67596113681793,0.6086830717718436,0.9294054702752166,-1.7801618340114753,-1.0,-37.79720337803493,7776,8,-32.465515806383074,0.15000000000000002
27,-13.334548164335628,50.47998130321503,50.47998164759742,-52.09724034203423,0.5990543362632808,0.9267589909334978,-1.7808954844044314,-1.0,-38.21447483686578,8064,9,-32.465515806383074,0.15000000000000002
28,-11.001861836218492,51.88794240686629,51.8881669971678,-53.497821635670135,0.6350061057859825,0.9241202920675278,-1.780221175816324,-1.0,-40.35857839322864,8352,10,-32.465515806383074,0.15000000000000002
29,-14.94345392250888,53.238718416955734,53.23844661977556,-54.841353787316216,0.6784190746127732,0.9214889220893383,-1.7806168099244435,-1.0,-34.62848662752612,8640,11,-32.465515806383074,0.16000000000000003
30,-13.664671975728414,54.565934220949806,54.56595530774858,-56.164783265855576,0.6440166811872687,0.9188648913469579,-1.780533736364709,-1.0,-36.85226635312054,8928,12,-32.465515806383074,0.16000000000000003
31,-12.905088834162235,55.86194294028812,55.862034214867485,-57.454816818237305,0.7504140561860468,0.9162487747768561,-1.7803718402153916,-1.0,-34.42210820227533,9216,13,-32.465515806383074,0.16000000000000003
32,-12.76559809012306,57.16030993726518,57.16039170159234,-58.74725283516778,0.772812040677915,0.913639512947864,-1.7809255346655846,-1.0,-35.971259007131856,9504,14,-32.465515806383074,0.16000000000000003
33,-12.060811282204504,58.35200525654687,58.351723723941376,-59.929919282595314,0.7661641181653572,0.9110378190461133,-1.7800096426573064,-1.0,-35.24078555689022,9792,15,-32.465515806383074,0.16000000000000003
34,-14.188245974757976,59.583656933572556,59.58390135235257,-61.15821691354116,0.7846070133253105,0.9084442154400878,-1.7803518035345607,-1.0,-35.95567529459377,10080,16,-32.465515806383074,0.17000000000000004
35,-16.85739825755835,60.783041225539314,60.7828516430325,-62.35165407922533,0.7706714583974745,0.905857075833612,-1.7811275083157752,-1.0,-32.73981583418841,10368,17,-32.465515806383074,0.17000000000000004
36,-13.314963487450338,61.95149714416928,61.95128230253855,-63.51016494962904,0.7984747407543991,0.903277694972025,-1.7792860476507082,-1.0,-35.049608684717334,10656,18,-32.465515806383074,0.17000000000000004
37,-13.43356126167099,63.03074709574381,63.03067013952467,-64.58508834573958,0.8557226672354672,0.9007064764284425,-1.7797064545253913,-1.0,-36.74432982431107,10944,19,-32.465515806383074,0.17000000000000004
38,-11.36982614239856,64.09839452637567,64.09870437781017,-65.64563772413466,0.842454234448572,0.8981420697851313,-1.77955383186539,-1.0,-36.41338769168416,11232,20,-32.465515806383074,0.17000000000000004
39,-12.439446172003661,65.16947306527032,65.16927067438762,-66.71133701006572,0.8581241393047903,0.8955851967136065,-1.779507574521833,-1.0,-36.478113725665,11520,21,-32.465515806383074,0.18000000000000005
40,-16.802189299681782,66.16163317362468,66.16135960155063,-67.69594473308987,0.9285578375889195,0.893035296143757,-1.7788845780822966,-1.0,-33.49960656384929,11808,22,-32.465515806383074,0.18000000000000005
41,-12.368541939079856,67.22289464208815,67.22281890445285,-68.75024875005086,0.8608321221545339,0.8904928473962678,-1.7797086921830971,-1.0,-33.77110518691636,12096,23,-32.465515806383074,0.18000000000000005
42,-17.004879250272328,68.15170788764954,68.15135203467474,-69.67127182748582,0.9251983670724763,0.8879571960618099,-1.7798064831230376,-1.0,-32.94377117126064,12384,24,-32.465515806383074,0.18000000000000005
43,-12.549528462625682,69.16203218036227,69.16212765375774,-70.67813844150967,0.9016738019676672,0.8854283947083685,-1.7800497429238424,-1.0,-35.25446292669418,12672,25,-32.465515806383074,0.18000000000000005
44,-16.246587883154312,70.05180459552341,70.05170557234023,-71.55732112460666,0.920529868764182,0.8829069545285569,-1.7796694131361113,-1.0,-29.247805182954565,12960,0,-29.247805182954565,0.19000000000000006
45,-13.063598333807882,70.91770156224568,70.91786244180467,-72.41798506842719,0.9122812698284785,0.8803931213915348,-1.7794164630273979,-1.0,-34.620670008556964,13248,1,-29.247805182954565,0.19000000000000006
46,-14.44879516443395,71.80976716677348,71.80962109565735,-73.30385171042548,0.9293467812240124,0.877886486136251,-1.7794433136781056,-1.0,-34.35373499397786,13536,2,-29.247805182954565,0.19000000000000006
47,-13.292461069262455,72.70625103844537,72.70612231890361,-74.19844868448045,0.9182900023750133,0.8753863624814484,-1.780187315411038,-1.0,-32.70249848261263,13824,3,-29.247805182954565,0.19000000000000006
48,-13.460060922151794,73.44219544198778,73.4420554637909,-74.92881276872423,0.9118537597565187,0.8728932189858623,-1.7802569431563218,-1.0,-36.752399836430435,14112,4,-29.247805182954565,0.19000000000000006
49,-12.306693710119104,74.31271576881409,74.31280647383795,-75.79597073131137,0.8910098105875982,0.8704076129943132,-1.7803336249457464,-1.0,-35.67935910882628,14400,5,-29.247805182954565,0.20000000000000007
50,-16.533888922390172,75.08385949664645,75.08364513185289,-76.56323912408617,0.9307296658969588,0.8679288271814585,-1.7804592607749834,-1.0,-34.15393380519374,14688,6,-29.247805182954565,0.20000000000000007
51,-17.056220359311325,75.87244174215529,75.8725904358758,-77.3467640346951,0.8880086869208349,0.8654572181403637,-1.7804188608295388,-1.0,-34.790169307828585,14976,7,-29.247805182954565,0.20000000000000007
52,-13.625385636979455,76.55145494143169,76.5512719684177,-78.01971848805745,0.9357835367942849,0.8629923909902573,-1.7803792659607198,-1.0,-32.3148800411311,15264,8,-29.247805182954565,0.20000000000000007
53,-14.105502112476046,77.3435250653161,77.34324635399713,-78.80652774704828,0.9325817985874083,0.8605349506768916,-1.7796730800635285,-1.0,-33.40014873104486,15552,9,-29.247805182954565,0.20000000000000007
54,-14.138892821539406,78.06045895152621,78.06026246812608,-79.51910580529108,0.9149619692729579,0.8580844124986066,-1.7811840487023194,-1.0,-33.634828677746405,15840,10,-29.247805182954565,0.21000000000000008
55,-15.036715278787124,78.74248655637105,78.74253993564182,-80.19718175464206,0.8788003543805745,0.8556403643969033,-1.780804954883125,-1.0,-33.16137831758653,16128,11,-29.247805182954565,0.21000000000000008
56,-13.566670076638797,79.48414797253079,79.48432705137465,-80.9326241546207,0.8912493678637676,0.8532037679105997,-1.7809017681413226,-1.0,-33.94478465877789,16416,12,-29.247805182954565,0.21000000000000008
57,-12.789570299069299,80.06773408253987,80.06743703948126,-81.51237228181627,0.8937198447270526,0.8507741803510321,-1.7810270637273788,-1.0,-33.08377973228319,16704,13,-29.247805182954565,0.21000000000000008
58,-14.655989332086573,80.75633607970343,80.75599569744534,-82.19181860817804,0.8754254857906036,0.8483511762072643,-1.7801490194267697,-1.0,-35.86003908688673,16992,14,-29.247805182954565,0.21000000000000008
59,-15.741721559511568,81.44713820351495,81.44696055518256,-82.87970333629184,0.8692670948803425,0.8459355460686816,-1.7809895653691556,-1.0,-31.60840070561872,17280,15,-29.247805182954565,0.22000000000000008
60,-14.01833411281553,82.04156475596957,82.04198590914409,-83.4705696105957,0.8499629012205534,0.8435268263436027,-1.781016779028707,-1.0,-28.317013858715697,17568,0,-28.317013858715697,0.22000000000000008
61,-12.37142217519002,82.55138640933566,82.55104457007513,-83.97296335962083,0.8575393292638991,0.8411242997066842,-1.7813160481552284,-1.0,-33.79060011439941,17856,1,-28.317013858715697,0.22000000000000008
62,-12.339765642755559,83.16255076726277,83.16213634279039,-84.57778355810377,0.8371936494691504,0.8387293931510713,-1.7805925856033962,-1.0,-36.742034939547324,18144,2,-28.317013858715697,0.22000000000000008
63,-14.507589950579202,83.77206097708807,83.7722417778439,-85.18339130613539,0.8188743693754077,0.8363412777996726,-1.780538002649943,-1.0,-34.58764779738397,18432,3,-28.317013858715697,0.22000000000000008
64,-12.225454801702375,84.31712328063117,84.3170001771715,-85.72466508547465,0.8030413367475072,0.8339593116607931,-1.7813196534083948,-1.0,-32.17028591303481,18720,4,-28.317013858715697,0.2300000000000001
65,-11.602037056302079,84.87068661053975,84.8708118332757,-86.273536629147,0.7782673406311207,0.8315842445525858,-1.7809328966670566,-1.0,-35.362665143964826,19008,5,-28.317013858715697,0.2300000000000001
66,-13.228136559960447,85.30501951111688,85.30456908543904,-86.70270064142015,0.7507157327814235,0.8292161462207636,-1.7811059094965458,-1.0,-36.07024106175763,19296,6,-28.317013858715697,0.2300000000000001
67,-12.473676161151824,85.92821767595079,85.92813915676541,-87.32190974553426,0.7599426810112264,0.8268550311525663,-1.7804348630209763,-1.0,-35.34059258581979,19584,7,-28.317013858715697,0.2300000000000001
68,-17.236445327445043,86.446704838011,86.44688471158345,-87.83914934264288,0.701120134546525,0.8245006959057517,-1.7813676127956972,-1.0,-33.57419411125554,19872,8,-28.317013858715697,0.2300000000000001
69,-13.245958687079963,86.90487570232816,86.90470186869304,-88.29400674502055,0.720063506004711,0.8221521255456739,-1.7823036114374797,-1.0,-33.98482966190702,20160,9,-28.317013858715697,0.2400000000000001
70,-13.74506051695592,87.34850162929959,87.3481092453003,-88.7320204310947,0.6810096324317985,0.8198103639814589,-1.7815557250546084,-1.0,-34.47166229894082,20448,10,-28.317013858715697,0.2400000000000001
71,-15.36163337921976,87.87935296694438,87.87949554125468,-89.26041083865695,0.6507963117005097,0.8174758669402864,-1.7814926596151457,-1.0,-32.38864446495893,20736,11,-28.317013858715697,0.2400000000000001
72,-14.147128651161697,88.26586214701335,88.26581213209364,-89.64273068639967,0.6583630902071794,0.8151482614792056,-1.7807399307688077,-1.0,-35.3146872003297,21024,12,-28.317013858715697,0.2400000000000001
73,-14.761530149828765,88.71075693766277,88.71065100034077,-90.08308394749959,0.6310285476760732,0.8128273787183894,-1.781100717683633,-1.0,-33.5534223470122,21312,13,-28.317013858715697,0.2400000000000001
74,-13.773551542576554,89.12855288717482,89.12856192058987,-90.49865725305345,0.584720169297523,0.8105126157816913,-1.7819011985427804,-1.0,-28.980503231682132,21600,14,-28.317013858715697,0.2500000000000001
75,-13.733728450608513,89.61908962991502,89.61913871765137,-90.98495639695062,0.566641590040591,0.8082050145086315,-1.7801659376256995,-1.0,-33.66236990056486,21888,15,-28.317013858715697,0.2500000000000001
76,-15.49855045385862,90.0412007967631,90.04091350237529,-91.40428675545587,0.5554031375795603,0.8059039331144757,-1.7809513699677255,-1.0,-34.88684881520021,22176,16,-28.317013858715697,0.2500000000000001
77,-12.342790752076342,90.43338966369629,90.43349997202556,-91.79646886719598,0.5390399791714218,0.8036090959277418,-1.7819298596845732,-1.0,-36.68509097020985,22464,17,-28.317013858715697,0.2500000000000001
78,-15.22482797717004,90.81811210844252,90.81820400555928,-92.17656011051602,0.5070079447080692,0.8013205902857913,-1.7808237050970395,-1.0,-36.92949791280153,22752,18,-28.317013858715697,0.2500000000000001
79,-13.257155832703171,91.17713843451605,91.17715191841125,-92.5328905582428,0.4993386150130795,0.7990390238248639,-1.7807587641808722,-1.0,-34.60084023750573,23040,19,-28.317013858715697,0.2600000000000001
80,-15.484912511408805,91.61413722568088,91.61384693781535,-92.96725720829434,0.49059001992767054,0.7967636291351583,-1.7812294041117032,-1.0,-32.41885398105615,23328,20,-28.317013858715697,0.2600000000000001
81,-15.37521743139286,91.90364903873868,91.9038225279914,-93.25534584787157,0.468304720810718,0.7944947038259771,-1.7815188500616286,-1.0,-32.041231860129216,23616,21,-28.317013858715697,0.2600000000000001
82,-14.946214065415267,92.40804423226251,92.40811292330424,-93.75520033306546,0.4508979790844023,0.7922323466175132,-1.7809520612160366,-1.0,-33.092982464147305,23904,22,-28.317013858715697,0.2600000000000001
83,-12.606798704662957,92.68202752537198,92.68197446399265,-94.02708098623488,0.4525024507505198,0.7899764209157891,-1.780619906882445,-1.0,-36.79536153453939,24192,23,-28.317013858715697,0.2600000000000001
84,-13.898516788628141,93.0263372792138,93.02650385432773,-94.3676539791955,0.42264001681986785,0.7877273524387015,-1.7804399939874809,-1.0,-35.66203980850994,24480,24,-28.317013858715697,0.27000000000000013
85,-13.478075821652043,93.28597225083246,93.28585195541382,-94.6221805413564,0.4082717298426562,0.785484651931458,-1.7806837608416874,-1.0,-34.51095213566462,24768,25,-28.317013858715697,0.27000000000000013
86,-14.235522288157009,93.65102489789327,93.65082512961493,-94.98630272017584,0.4000230632825858,0.7832481074664328,-1.7808907632198598,-1.0,-35.04290204119461,25056,26,-28.317013858715697,0.27000000000000013
87,-12.769425900143982,94.00044276979234,94.00044600168864,-95.33259447415669,0.41103855163479847,0.7810178450826142,-1.7802553623914719,-1.0,-33.65696061798696,25344,27,-28.317013858715697,0.27000000000000013
88,-13.858862652845318,94.31657979223463,94.31633853912354,-95.64411857393053,0.3933741539820201,0.7787943203002214,-1.7807420881258116,-1.0,-33.57139329789277,25632,28,-28.317013858715697,0.27000000000000013
89,-15.0805006734604,94.6061941517724,94.60646772384644,-95.92710402276781,0.388264548809578,0.7765776390830675,-1.7803138655920823,-1.0,-33.051228028016055,25920,29,-28.317013858715697,0.28000000000000014
90,-15.091371763981568,94.9171216222975,94.9172687265608,-96.23724434110854,0.4009135686792433,0.7743672562970055,-1.7809069500201278,-1.0,-34.220299015014184,26208,30,-28.317013858715697,0.28000000000000014
91,-11.880526241560535,95.19841183556451,95.19833148850336,-96.51489334636264,0.3762281564478245,0.7721627553304037,-1.7806997203992472,-1.0,-32.920982391912325,26496,31,-28.317013858715697,0.28000000000000014
92,-11.889587139675745,95.47011640336778,95.47016912036472,-96.78280806541443,0.365277763766547,0.7699645743187931,-1.7803884570797284,-1.0,-32.37849185446939,26784,32,-28.317013858715697,0.28000000000000014
93,-13.978514749737041,95.65953389803569,95.65955837567647,-96.96748680538602,0.37621619557547903,0.7677734548019038,-1.7800540377696354,-1.0,-31.326037864761133,27072,33,-28.317013858715697,0.28000000000000014
94,-11.48687362555517,95.87836700015598,95.87836572859023,-97.18354426489935,0.38499652097622555,0.7655879942079385,-1.7806933298707008,-1.0,-32.7803234510259,27360,34,-28.317013858715697,0.29000000000000015
95,-16.420659660351042,96.17472447289362,96.17466900083754,-97.47652864456177,0.3660870381217036,0.7634090661174722,-1.7803865224123,-1.0,-33.163087068578506,27648,35,-28.317013858715697,0.29000000000000015
96,-15.100200842744021,96.37477956877814,96.37471837467618,-97.67214139302571,0.37543164659291506,0.7612361473341783,-1.7804167051282194,-1.0,-32.95152652125481,27936,36,-28.317013858715697,0.29000000000000015
97,-14.24002596509428,96.65769131978352,96.65766578250461,-97.95167801115248,0.35863625444471836,0.7590695369160838,-1.7808029159075685,-1.0,-30.86307740201755,28224,37,-28.317013858715697,0.29000000000000015
98,-15.345207260574384,96.86921583281622,96.86917188432481,-98.1617333094279,0.35493906271747416,0.7569084668325053,-1.780469372868538,-1.0,-33.05599345692074,28512,38,-28.317013858715697,0.29000000000000015
99,-13.943903682381183,96.99425292015076,96.99417111608717,-98.28141837649875,0.3599605234339833,0.7547540693647332,-1.780867134531339,-1.0,-31.77535891785476,28800,39,-28.317013858715697,0.30000000000000016
100,-12.395751026563145,97.23306197590298,97.23296931054857,-98.51907483736674,0.34277825248945093,0.7526057157665491,-1.7809288476904233,-1.0,-34.187697566942354,29088,40,-28.317013858715697,0.30000000000000016
101,-13.023140043300346,97.35738608572218,97.35770151350233,-98.6386677953932,0.34967982665532166,0.7504632003191445,-1.7819003562132518,-1.0,-34.811843118352634,29376,41,-28.317013858715697,0.30000000000000016
102,-11.709254466115064,97.57558250427246,97.57547704378764,-98.85381905237834,0.35382633009511566,0.7483262287245857,-1.7814638407693968,-1.0,-31.88310751121878,29664,42,-28.317013858715697,0.30000000000000016
103,-13.477877013609136,97.76581835746765,97.76571045981512,-99.03978493478563,0.363756079485433,0.7461962977217304,-1.7807918426891167,-1.0,-35.08875304601824,29952,43,-28.317013858715697,0.30000000000000016
104,-11.483717710186339,97.95301347308688,97.9529840151469,-99.22403823004828,0.3495434789090521,0.7440722837216325,-1.7810909590787358,-1.0,-31.529462030836896,30240,44,-28.317013858715697,0.31000000000000016
105,-13.444775274140335,98.13231041696336,98.13239767816331,-99.40129484070673,0.34569812571215963,0.7419546383122603,-1.7812898850275412,-1.0,-29.709407138355292,30528,45,-28.317013858715697,0.31000000000000016
106,-13.40547917941631,98.19216510984633,98.19217665990193,-99.45726601282756,0.3581094216141436,0.7398428625116745,-1.780413625554906,-1.0,-33.993259756571746,30816,46,-28.317013858715697,0.31000000000000016
107,-13.93744339199993,98.34439529312982,98.34439640574985,-99.60720414585538,0.3501886123687857,0.7377369863291582,-1.7811766581402884,-1.0,-29.514138440726843,31104,47,-28.317013858715697,0.31000000000000016
108,-14.806254545270825,98.56929839981927,98.56918117735121,-99.82698369026184,0.345337253374358,0.735636836124791,-1.7810133198897045,-1.0,-32.553289037515526,31392,48,-28.317013858715697,0.31000000000000016
109,-12.380342018008088,98.65806433889601,98.65829404195149,-99.91148289044698,0.3484581025938193,0.7335431966930628,-1.7802016859253247,-1.0,-34.23873558793492,31680,49,-28.317013858715697,0.3200000000000002
110,-13.482284063418845,98.80469210942586,98.80443652470906,-100.05531385209825,0.34725627546302146,0.731455517311891,-1.7806706958346896,-1.0,-32.82700118832967,31968,50,-28.317013858715697,0.3200000000000002
111,-14.335926174435455,98.84534411960178,98.84541079733107,-100.09505528873868,0.3594839849198858,0.7293725899524159,-1.782365507963631,-1.0,-33.90911177697228,32256,51,-28.317013858715697,0.3200000000000002
112,-14.20936649227689,98.92885608143277,98.92894024319119,-100.1752421061198,0.3379684869820873,0.7272958784467645,-1.7817968452970188,-1.0,-31.707958090169644,32544,52,-28.317013858715697,0.3200000000000002
113,-14.4613408615134,99.07286267810397,99.07280447747972,-100.31500302420721,0.346694497908983,0.7252253943847286,-1.7813932047122054,-1.0,-30.522355149879314,32832,53,-28.317013858715697,0.3200000000000002
114,-13.556657198657044,99.18429697884454,99.184176630444,-100.4218503634135,0.34011195848385495,0.7231609786136283,-1.7814123618106048,-1.0,-33.981495369384284,33120,54,-28.317013858715697,0.3300000000000002
115,-11.530491534659726,99.22903135087755,99.22915871938069,-100.46373354064093,0.33396972752072746,0.7211029643399848,-1.7802588215304747,-1.0,-33.38471098065176,33408,55,-28.317013858715697,0.3300000000000002
116,-14.73692224091235,99.30133215586345,99.30119596587286,-100.53147848447163,0.3460681441033052,0.7190507729020383,-1.7808375880122185,-1.0,-32.9370907684686,33696,56,-28.317013858715697,0.3300000000000002
117,-14.141388563363314,99.39741571744283,99.39748101764255,-100.62546679708693,0.3144150404776964,0.7170041650533676,-1.7805140333043203,-1.0,-35.32299961954197,33984,57,-28.317013858715697,0.3300000000000002
118,-12.544756416042556,99.52805325720045,99.5279508166843,-100.75260077582465,0.3226515549338526,0.7149633531355195,-1.7808432160980172,-1.0,-35.80784558582216,34272,58,-28.317013858715697,0.3300000000000002
119,-13.501063801593821,99.50720784399245,99.50741548008389,-100.72802238994174,0.32921089402710396,0.7129283789545298,-1.7811665597061317,-1.0,-29.959243967770078,34560,59,-28.317013858715697,0.3400000000000002
120,-13.012226941746617,99.57574232419331,99.57562483681573,-100.79053086704678,0.31924385018646717,0.710899171522922,-1.7805232335295942,-1.0,-35.57746831440844,34848,60,-28.317013858715697,0.3400000000000002
121,-14.218940692042283,99.62057171927557,99.62075434790717,-100.83489060401917,0.31471500457781887,0.7088761323442062,-1.780886345439487,-1.0,-31.08652591756275,35136,61,-28.317013858715697,0.3400000000000002
122,-13.761764290621667,99.63295769691467,99.6330901781718,-100.84359550476074,0.31235915350003374,0.7068583772828182,-1.7800426358977954,-1.0,-27.823201780980146,35424,0,-27.823201780980146,0.3400000000000002
123,-13.850548361391406,99.65553744633992,99.65545376141866,-100.86280661159091,0.30125681466112536,0.7048461828380823,-1.7812732607126236,-1.0,-31.816466640934653,35712,1,-27.823201780980146,0.3400000000000002
124,-11.385602007551586,99.76912675963507,99.76910694440205,-100.97178771760728,0.29949733247566557,0.7028394060002433,-1.781585110972325,-1.0,-32.045202313788586,36000,2,-27.823201780980146,0.3500000000000002
125,-15.420136168447607,99.83685766326056,99.83690579732259,-101.03856303956773,0.2926773492039906,0.7008387251860566,-1.7808867258330185,-1.0,-32.369312868180295,36288,3,-27.823201780980146,0.3500000000000002
126,-13.31370565335763,99.8727561102973,99.87284631199307,-101.07048235999213,0.30050827961208093,0.6988434973690245,-1.7812889545328088,-1.0,-31.600423073789496,36576,4,-27.823201780980146,0.3500000000000002
127,-14.119792581837858,99.875346104304,99.8750885327657,-101.06864507993062,0.29044120639769566,0.6968545652925968,-1.780129559752014,-1.0,-30.502730353801212,36864,5,-27.823201780980146,0.3500000000000002
128,-12.84786613704634,99.84362975756328,99.84372255537245,-101.03432207637363,0.2791436398919258,0.6948711638235383,-1.7806101731128163,-1.0,-29.20838594770565,37152,6,-27.823201780980146,0.3500000000000002
129,-13.97521247958867,99.90421594513788,99.90427501996358,-101.09081562360127,0.2909506989849938,0.6928928558611207,-1.78190377396014,-1.0,-29.129944586116,37440,7,-27.823201780980146,0.3600000000000002
130,-15.334296477819056,99.88023085064358,99.88004318873088,-101.06290181477864,0.28729709299902123,0.6909199437747399,-1.7816961511141725,-1.0,-28.605278074984824,37728,8,-27.823201780980146,0.3600000000000002
131,-12.735203769708962,99.89385350545247,99.89393957455952,-101.0731840133667,0.28022932778629994,0.6889529735263851,-1.7807787387735314,-1.0,-28.01608068211334,38016,9,-27.823201780980146,0.3600000000000002
132,-12.038952846358404,99.92560262150235,99.92558617062039,-101.10040571954515,0.280431239400059,0.6869917538844876,-1.7807123081551657,-1.0,-27.86335071608539,38304,10,-27.823201780980146,0.3600000000000002
133,-12.150642624389546,99.99049446317885,99.99048278066847,-101.16413892640008,0.27086924766707754,0.6850360364963611,-1.781600930624538,-1.0,-28.151091395922744,38592,11,-27.823201780980146,0.3600000000000002
134,-12.511310554772097,99.91556832525465,99.91564806302388,-101.08418093787299,0.28162923434542286,0.6830865194400152,-1.7799385707411501,-1.0,-30.571563362086863,38880,12,-27.823201780980146,0.3700000000000002
135,-13.056991398910439,99.90434447924297,99.90423425038655,-101.07067661815219,0.2694122936162684,0.6811423510726955,-1.7810120520492394,-1.0,-26.31858925055972,39168,0,-26.31858925055972,0.3700000000000002
136,-12.66715172038786,99.87949811087714,99.87957376903958,-101.04207017686632,0.26894965110760594,0.679203510698345,-1.7811424268616571,-1.0,-32.6496320469121,39456,1,-26.31858925055972,0.3700000000000002
137,-12.968154298224839,99.81750445895725,99.8175053331587,-100.97714204258389,0.26849020841634935,0.6772696804255247,-1.7816157117486,-1.0,-30.792394249299107,39744,2,-26.31858925055972,0.3700000000000002
138,-15.866316661944621,99.76087482770284,99.7608617676629,-100.91568242179022,0.27962627691320247,0.6753418549067445,-1.780245777219534,-1.0,-28.861079395250858,40032,3,-26.31858925055972,0.3700000000000002
139,-14.294652762363656,99.74812335438199,99.74808859825134,-100.90085331598918,0.26967287896614933,0.6734199567387501,-1.7809765136076345,-1.0,-34.12424662439557,40320,4,-26.31858925055972,0.3800000000000002
140,-14.097067490817155,99.73675990104675,99.73690671390958,-100.88390029801263,0.26013010559189653,0.6715033538639545,-1.78051962910427,-1.0,-28.438747773719367,40608,5,-26.31858925055972,0.3800000000000002
141,-14.577394106696786,99.69029262330797,99.69010504086812,-100.83613822195265,0.26319357012915945,0.6695920276559062,-1.780387882143259,-1.0,-27.90235727354545,40896,6,-26.31858925055972,0.3800000000000002
142,-13.506985429087713,99.66660748587714,99.66656006707086,-100.80892252922058,0.2658993593003187,0.667686135818561,-1.7805327446096473,-1.0,-28.766084180777217,41184,7,-26.31858925055972,0.3800000000000002
143,-14.304071811018323,99.57869545618694,99.57868316438463,-100.7179217338562,0.2712753103632066,0.6657856742127074,-1.7812340276108847,-1.0,-29.586929726168677,41472,8,-26.31858925055972,0.3800000000000002
144,-15.46990684380598,99.55320480134752,99.55326040585835,-100.68868287404378,0.25998558036776054,0.6638902355399396,-1.7806150404115517,-1.0,-34.520024604358746,41760,9,-26.31858925055972,0.39000000000000024
145,-13.881754646029368,99.46388994322882,99.46392456690471,-100.59530059496562,0.25723882630053496,0.6620002020564344,-1.7808099037243261,-1.0,-30.450486409040366,42048,10,-26.31858925055972,0.39000000000000024
146,-11.838853472044722,99.45325141482883,99.45345955424838,-100.58270931243896,0.2573353383793599,0.6601158519172006,-1.7816703108449776,-1.0,-30.0246892654755,42336,11,-26.31858925055972,0.39000000000000024
147,-12.999166328574915,99.43231116400824,99.43218617969089,-100.55539422565036,0.2514931366054548,0.6582362949848175,-1.7809734733568297,-1.0,-26.56050789881804,42624,12,-26.31858925055972,0.39000000000000024
148,-13.859213157739411,99.33211612701416,99.33203273349338,-100.45503748787775,0.24923886358737946,0.6563623909735017,-1.780478732039531,-1.0,-31.63891144083519,42912,13,-26.31858925055972,0.39000000000000024
149,-13.948266949409023,99.25255841679044,99.2524949974484,-100.37147492832608,0.24369636193538705,0.6544940869013468,-1.7818766136964161,-1.0,-28.094616514594794,43200,14,-26.31858925055972,0.40000000000000024
150,-14.91306156789606,99.08395340707567,99.08394787046645,-100.20016672876146,0.2453620456573036,0.6526310414903693,-1.780897723717822,-1.0,-27.05719698277832,43488,15,-26.31858925055972,0.40000000000000024
151,-15.324081154117813,99.08915170033772,99.08921323882208,-100.2015384833018,0.25097323586750364,0.6507734792927901,-1.7810466384722128,-1.0,-28.003840843368693,43776,16,-26.31858925055972,0.40000000000000024
152,-13.380871719111788,98.98253138860066,98.98248704274495,-100.09084781010945,0.23949864563635653,0.6489212082491981,-1.7806949031849701,-1.0,-28.237410868980373,44064,17,-26.31858925055972,0.40000000000000024
153,-13.277611503373247,98.89538606007893,98.89544317457411,-100.00199376212225,0.24786330826787484,0.6470744667781724,-1.7807019895149603,-1.0,-27.03596609739269,44352,18,-26.31858925055972,0.40000000000000024
154,-11.185119573463892,98.74807540575664,98.74812759293451,-99.85006647639804,0.2469908183751007,0.6452325648731656,-1.7810391866498523,-1.0,-26.598621772477205,44640,19,-26.31858925055972,0.41000000000000025
155,-14.397959395987753,98.7368278503418,98.73672821786668,-99.83574769232008,0.23739417280173963,0.6433960484961668,-1.7817675549950864,-1.0,-27.320762384202002,44928,20,-26.31858925055972,0.41000000000000025
156,-12.57735660477642,98.62515187263489,98.62525637944539,-99.7210038503011,0.2322977654532426,0.6415647438002957,-1.7808767014907465,-1.0,-26.038249947383417,45216,0,-26.038249947383417,0.41000000000000025
157,-16.785083580486393,98.47878519694011,98.47868310080634,-99.57064586215549,0.23738500848412514,0.6397387298444907,-1.7812564745545387,-1.0,-26.38793277755973,45504,1,-26.038249947383417,0.41000000000000025
158,-13.310044233558045,98.39059461487665,98.39074118932088,-99.48158997959561,0.22673854268052512,0.637917549452848,-1.781398708621661,-1.0,-25.35701175926881,45792,0,-25.35701175926881,0.41000000000000025
159,-13.15111320400766,98.29299513498943,98.29282757971022,-99.37939694192674,0.2310538438355757,0.6361019015312195,-1.7808206669158406,-1.0,-27.271848574600522,46080,1,-25.35701175926881,0.42000000000000026
160,-12.404573190741704,98.19226792123582,98.1923291153378,-99.27463075849745,0.2305248341937032,0.6342914443877008,-1.7801641047828727,-1.0,-31.676802647055563,46368,2,-25.35701175926881,0.42000000000000026
161,-12.221973691350646,98.09397904078166,98.0939863787757,-99.174341334237,0.22947321966704395,0.6324863597336743,-1.7806816407375865,-1.0,-28.339104768665305,46656,3,-25.35701175926881,0.42000000000000026
162,-15.115276617696528,98.00211350123088,98.00194311141968,-99.07914384206136,0.22984598318321836,0.6306861179570357,-1.78090219034089,-1.0,-28.320840606591617,46944,4,-25.35701175926881,0.42000000000000026
163,-13.483631453992455,97.9206678337521,97.92091443803575,-98.99391727977329,0.22667807609670693,0.6288902217315303,-1.7820532094273303,-1.0,-26.38671569119659,47232,5,-25.35701175926881,0.42000000000000026
164,-13.645793333432415,97.76482711897955,97.76447036531236,-98.83646965026855,0.23590640211477876,0.6270998633570142,-1.7815268196993403,-1.0,-26.40467542431607,47520,6,-25.35701175926881,0.43000000000000027
165,-13.832152805615387,97.63681085904439,97.63697475857205,-98.70379548602634,0.22565996289874116,0.6253149205197891,-1.7807526464263599,-1.0,-23.961629783194244,47808,0,-23.961629783194244,0.43000000000000027
166,-16.229843475070098,97.51781739128961,97.5180721282959,-98.58274549908108,0.22863582123277915,0.6235353596922424,-1.7806598121921222,-1.0,-24.349068447767298,48096,1,-23.961629783194244,0.43000000000000027
167,-13.285921922751895,97.46245778931512,97.4622396628062,-98.52358447180853,0.21960903667948312,0.6217609571499957,-1.780241574264235,-1.0,-24.911157652146155,48384,2,-23.961629783194244,0.43000000000000027
168,-12.460514673032211,97.34704576598273,97.34692904684279,-98.40578632884555,0.2190053956841843,0.6199915140039391,-1.7799735818472173,-1.0,-25.93085142850317,48672,3,-23.961629783194244,0.43000000000000027
169,-13.639730186705869,97.14876622623868,97.14877600140042,-98.20510816574097,0.22055537623560262,0.6182267314030064,-1.7815517282320394,-1.0,-24.159285793988573,48960,4,-23.961629783194244,0.4400000000000003
170,-12.639955632462474,97.07233471340604,97.07241479555766,-98.125140481525,0.2253312164814108,0.6164667684998777,-1.7799469004902575,-1.0,-26.724854610101875,49248,5,-23.961629783194244,0.4400000000000003
171,-14.381332405106338,96.94596960809496,96.94603464338515,-97.99605872895982,0.21340177800609833,0.61471227535771,-1.7804392907354567,-1.0,-23.448437449383306,49536,0,-23.448437449383306,0.4400000000000003
172,-11.560447205009712,96.77111967404683,96.77108690473769,-97.81649502118428,0.22898852742380565,0.6129628794474734,-1.7807344074050586,-1.0,-27.064481728426056,49824,1,-23.448437449383306,0.4400000000000003
173,-13.326023990994603,96.69156816270616,96.6913698779212,-97.73657372262743,0.21497584729351932,0.6112181852675147,-1.7814085226919916,-1.0,-27.43332499778482,50112,2,-23.448437449383306,0.4400000000000003
174,-11.68163659696394,96.48847487237718,96.48862738079495,-97.53025449646844,0.21890195619521868,0.6094781267974112,-1.7804795449806585,-1.0,-25.82422448759965,50400,3,-23.448437449383306,0.4500000000000003
175,-17.40417083562369,96.29348521762424,96.29349560207791,-97.333028210534,0.2143928452860564,0.6077430523518059,-1.7812058859401279,-1.0,-26.51595474802454,50688,4,-23.448437449383306,0.4500000000000003
176,-13.574065442191753,96.22441776593526,96.22457631429036,-97.25999029477437,0.21890291618183255,0.606013355569707,-1.7815069841841857,-1.0,-23.041307359913688,50976,0,-23.041307359913688,0.4500000000000003
177,-12.1456875145108,96.15517155329387,96.15491106775072,-97.1867791281806,0.2120368666946888,0.6042889220019182,-1.7809923287067149,-1.0,-21.732718453624642,51264,0,-21.732718453624642,0.4500000000000003
178,-14.834752402272406,95.8980771170722,95.89819229973688,-96.92945043245952,0.21396276864430142,0.6025694091286924,-1.7819083767632644,-1.0,-21.727091275511228,51552,0,-21.727091275511228,0.4500000000000003
179,-12.406153426714516,95.86654278967116,95.8665259944068,-96.89344027307298,0.21328010743794343,0.6008547912869189,-1.7816046704020765,-1.0,-23.97483469750667,51840,1,-21.727091275511228,0.4600000000000003
180,-14.791877718880134,95.59353658888075,95.59345775180392,-96.61776775783963,0.2181522644435366,0.5991450434343683,-1.7805043421685696,-1.0,-24.684856639854218,52128,2,-21.727091275511228,0.4600000000000003
181,-13.81715954192596,95.50898885726929,95.50903508398268,-96.53015396330092,0.21206768757353225,0.5974401593622234,-1.7808704719775252,-1.0,-27.093150944050507,52416,3,-21.727091275511228,0.4600000000000003
182,-16.467775412312697,95.41457353697882,95.4146375656128,-96.43250105116103,0.20675915497769085,0.5957401336895095,-1.7809399569200144,-1.0,-22.389671765399658,52704,4,-21.727091275511228,0.4600000000000003
183,-12.129639627217909,95.19555573993259,95.19549165831671,-96.20957112312317,0.21168866365527114,0.5940449465480115,-1.781100903534227,-1.0,-24.440121729345293,52992,5,-21.727091275511228,0.4600000000000003
184,-13.82812980881391,95.03012649218242,95.0302182038625,-96.0419885052575,0.21476508470045197,0.5923545714467764,-1.7805618490609858,-1.0,-26.72996732468701,53280,6,-21.727091275511228,0.4700000000000003
185,-13.132093477976028,94.89766682518854,94.89773485395644,-95.90713869200812,0.1977624815578262,0.5906690071440406,-1.781374715268612,-1.0,-23.46759315800314,53568,7,-21.727091275511228,0.4700000000000003
186,-15.875198987081541,94.68153177367316,94.68142082956102,-95.68794396188524,0.2112615315709263,0.5889882542606857,-1.780429083440039,-1.0,-24.100200784089896,53856,8,-21.727091275511228,0.4700000000000003
187,-16.799403257994268,94.53121026357015,94.53117786513434,-95.53507341278925,0.21111575151897138,0.587312255675594,-1.7811008451713457,-1.0,-25.20040678600328,54144,9,-21.727091275511228,0.4700000000000003
188,-15.37415898983408,94.41004474957784,94.40990977817111,-95.41069640053644,0.20868390069032708,0.5856410440885358,-1.780488012565507,-1.0,-24.774622725676874,54432,10,-21.727091275511228,0.4700000000000003
189,-15.04898027886158,94.20092015796237,94.20100993580289,-95.19882766405742,0.2088103925084902,0.5839745909389522,-1.7818107050326135,-1.0,-25.208522020333813,54720,11,-21.727091275511228,0.4800000000000003
190,-13.07325900143649,94.03272022141351,94.03283529811435,-95.02829858991835,0.21412736353360945,0.5823128904319472,-1.7813155257867441,-1.0,-25.407548770710942,55008,12,-21.727091275511228,0.4800000000000003
191,-12.86874885267821,93.84423293007745,93.84413353602092,-94.83695416980319,0.20453668158087465,0.5806559067633417,-1.7810404962963529,-1.0,-27.786855029329462,55296,13,-21.727091275511228,0.4800000000000003
192,-15.779549255136033,93.7391746044159,93.73920596970453,-94.72920436329312,0.20617057763350508,0.5790036465558741,-1.780984817693631,-1.0,-23.231064741268113,55584,14,-21.727091275511228,0.4800000000000003
193,-16.08191939625107,93.57018523746066,93.57019874784682,-94.55641865730286,0.1993187618855801,0.5773560769028134,-1.7814763275285561,-1.0,-21.451939081199395,55872,0,-21.451939081199395,0.4800000000000003
194,-13.951255867186564,93.36542095078363,93.36533949110243,-94.34882971975539,0.20326888134392598,0.5757131998737653,-1.7811422799196508,-1.0,-26.900082408658992,56160,1,-21.451939081199395,0.4900000000000003
195,-13.433562999056845,93.20673974355061,93.20675820774503,-94.1867556307051,0.20635752310045063,0.57407499746316,-1.780474471135272,-1.0,-24.16402565919879,56448,2,-21.451939081199395,0.4900000000000003
196,-14.686702896656396,93.04131971465216,93.04146554734972,-94.01902861065335,0.19840273949214154,0.5724414419382811,-1.7815426364541054,-1.0,-21.42933376033082,56736,0,-21.42933376033082,0.4900000000000003
197,-16.289491626308322,92.84460963143243,92.84452803929646,-93.81871136029561,0.20257106185373333,0.5708125417845117,-1.7806475402580366,-1.0,-24.050020571624227,57024,1,-21.42933376033082,0.4900000000000003
198,-13.910388608618517,92.63620395130582,92.63622204462688,-93.6089435948266,0.19721718373087546,0.569188287274705,-1.7807449214160442,-1.0,-25.20973548827672,57312,2,-21.42933376033082,0.4900000000000003
199,-13.309345239560697,92.55014077822368,92.55001955562167,-93.51854427655537,0.2008254169486463,0.5675686382585101,-1.7802584233383338,-1.0,-26.746895140507334,57600,3,-21.42933376033082,0.5000000000000003
200,-14.374157013299735,92.37742082277934,92.37749475902982,-93.34415790769789,0.20361644658260047,0.5659536007377837,-1.7806771811511781,-1.0,-26.98302737065661,57888,4,-21.42933376033082,0.5000000000000003
201,-12.272879096187362,92.13344510396321,92.13341993755765,-93.09571888711717,0.19846804041622412,0.5643431765751706,-1.7801955425077014,-1.0,-25.915899901158365,58176,5,-21.42933376033082,0.5000000000000003
202,-12.949831303607157,92.01373007562425,92.01381331019931,-92.97467634412978,0.19522944920592838,0.562737338244915,-1.781065029816495,-1.0,-22.423299986763322,58464,6,-21.42933376033082,0.5000000000000003
203,-10.819104377004242,91.7886322869195,91.78856568866306,-92.74647903442383,0.19204711223331591,0.5611360513915619,-1.780826340119044,-1.0,-22.95083405514607,58752,7,-21.42933376033082,0.5000000000000003
204,-12.345309870899793,91.64671415752835,91.64652580685086,-92.60190312067668,0.19337890698160562,0.5595393149803082,-1.780801581011878,-1.0,-24.657638448211358,59040,8,-21.42933376033082,0.5100000000000003
205,-14.260255948837651,91.43689277436998,91.43693905406528,-92.38768527242873,0.2004608667921275,0.5579471273554696,-1.7806251537468698,-1.0,-23.60401049898168,59328,9,-21.42933376033082,0.5100000000000003
206,-11.947409418274452,91.21533640225728,91.21547222137451,-92.1658746931288,0.1961000394076109,0.5563594916214546,-1.7805298003885481,-1.0,-24.059873844939435,59616,10,-21.42933376033082,0.5100000000000003
207,-12.432822093871616,91.03994629118178,91.039963722229,-91.9856218232049,0.19847881346423593,0.5547763558311595,-1.7796304292149014,-1.0,-22.43159711164297,59904,11,-21.42933376033082,0.5100000000000003
208,-14.053697703188302,90.81584734386868,90.81557708316379,-91.7582323021359,0.19785286856090856,0.5531977251585987,-1.780899267229769,-1.0,-25.254158670883754,60192,12,-21.42933376033082,0.5100000000000003
209,-13.483279089332875,90.6263775030772,90.62661751111348,-91.56798709763422,0.17787553279453683,0.5516235946367184,-1.7809611616863146,-1.0,-25.12993834158374,60480,13,-21.42933376033082,0.5200000000000004
210,-12.62594039417234,90.49895220332675,90.49877836969164,-91.43733014000787,0.18424359949616095,0.5500539274265369,-1.780662899216016,-1.0,-29.212461938936773,60768,14,-21.42933376033082,0.5200000000000004
211,-11.746759532638444,90.33437241448297,90.33456714948018,-91.27038558324178,0.1942571271210909,0.5484887326343192,-1.7804212487406201,-1.0,-28.243270087144534,61056,15,-21.42933376033082,0.5200000000000004
212,-12.977572990155391,90.101300795873,90.10128296746149,-91.03220303853352,0.19547822983521554,0.5469280007398791,-1.7808524552318785,-1.0,-25.103844167721846,61344,16,-21.42933376033082,0.5200000000000004
213,-11.950818926210776,89.95151734352112,89.95138170984056,-90.88150265481737,0.1918016727755053,0.5453717129098045,-1.7804534116552935,-1.0,-26.886384710281472,61632,17,-21.42933376033082,0.5200000000000004
214,-12.229870927986612,89.76846755875482,89.7686177889506,-90.6964197953542,0.1837655743325336,0.5438198507246044,-1.7810443002316687,-1.0,-24.50431087666819,61920,18,-21.42933376033082,0.5300000000000004
215,-16.78239923033179,89.54447070757548,89.54441316922505,-90.4697814517551,0.17849939782172441,0.542272405905856,-1.780672478593058,-1.0,-25.80205308668563,62208,19,-21.42933376033082,0.5300000000000004
216,-13.126065997755715,89.35244777467516,89.35229463047452,-90.27478384971619,0.18711258199376365,0.5407293565157387,-1.7807184747523732,-1.0,-27.403727319817865,62496,20,-21.42933376033082,0.5300000000000004
217,-12.605045712899898,89.15927900208368,89.15942719247606,-90.07706472608778,0.17924184310767385,0.5391906864113278,-1.7798718967371516,-1.0,-23.002090159427166,62784,21,-21.42933376033082,0.5300000000000004
218,-11.687631963464073,88.93228265974257,88.93233712514241,-89.84881414307489,0.18220169249818557,0.5376564119425085,-1.7807371939222019,-1.0,-28.164234717821415,63072,22,-21.42933376033082,0.5300000000000004
219,-16.976865051287522,88.77100621329413,88.77089299096002,-89.68497249815199,0.17815534591985246,0.5361264933728509,-1.7812059583763282,-1.0,-27.475572824621864,63360,23,-21.42933376033082,0.5400000000000004
220,-11.917442395784855,88.54627731111314,88.54632928636339,-89.45752625995212,0.17706322237952715,0.5346009222169718,-1.7811308797034953,-1.0,-21.4758943103011,63648,24,-21.42933376033082,0.5400000000000004
221,-13.28047475811993,88.40307988060846,88.40307966868083,-89.30968986617194,0.17613219265412125,0.5330797210335732,-1.7803887861470382,-1.0,-24.74139726300429,63936,25,-21.42933376033082,0.5400000000000004
222,-11.690194755308632,88.1870149506463,88.18686032295227,-89.09310513072543,0.17197392989570895,0.5315628424286842,-1.7807406923837132,-1.0,-27.082417175852626,64224,26,-21.42933376033082,0.5400000000000004
223,-12.496231599845053,88.05382124582927,88.05392403072781,-88.95821348826091,0.16806538097767365,0.5300502628087997,-1.7813520344595115,-1.0,-24.523609895450274,64512,27,-21.42933376033082,0.5400000000000004
224,-13.79909380048354,87.77612500720554,87.77612670262654,-88.67646625306871,0.1763737771090948,0.5285419798973534,-1.7802032608952787,-1.0,-23.38811040704977,64800,28,-21.42933376033082,0.5500000000000004
225,-12.923775130542595,87.57163008054097,87.57168128755357,-88.47064148055182,0.1632959022341917,0.5270380017658075,-1.7807617522776127,-1.0,-19.988069679246234,65088,0,-19.988069679246234,0.5500000000000004
226,-13.009869597538136,87.43637612130907,87.43626085917155,-88.33146002557542,0.1684094264378978,0.5255382717069652,-1.781029947515991,-1.0,-21.287408825455234,65376,1,-19.988069679246234,0.5500000000000004
227,-15.203456363617148,87.20332407951355,87.20328770743475,-88.09690486060248,0.16583086979678935,0.5240428373217583,-1.7803018651902676,-1.0,-23.11767304798201,65664,2,-19.988069679246234,0.5500000000000004
228,-14.757454420905516,87.03390540017023,87.0339675479465,-87.92427481545343,0.16446054967430732,0.5225516781210899,-1.7803392344050937,-1.0,-18.262235306730965,65952,0,-18.262235306730965,0.5500000000000004
229,-11.443575877383598,86.81678207715352,86.81674612892999,-87.70399392975702,0.163730412747504,0.5210647411230538,-1.7802967876195908,-1.0,-22.40750366088996,66240,1,-18.262235306730965,0.5600000000000004
230,-15.32378705848031,86.56694510247972,86.56694308916728,-87.45229175355699,0.15852528461255133,0.5195820306738218,-1.780344124055571,-1.0,-23.5047990348337,66528,2,-18.262235306730965,0.5600000000000004
231,-17.153658421130665,86.41075433625116,86.41070432133145,-87.29229209158156,0.16333202619312537,0.5181035364253653,-1.781047895964649,-1.0,-22.593292399903188,66816,3,-18.262235306730965,0.5600000000000004
232,-10.638343913133976,86.1984903547499,86.19856103261311,-87.07789940304227,0.15467791391226152,0.5166292670700285,-1.7801141817536619,-1.0,-21.370103239759903,67104,4,-18.262235306730965,0.5600000000000004
233,-11.263310096910196,86.04267443550958,86.04269149568346,-86.91887389289008,0.15102455472677118,0.5151591977725426,-1.7798441267675824,-1.0,-18.43429142024914,67392,5,-18.262235306730965,0.5600000000000004
234,-16.573744219155913,85.79834924803839,85.79833510186937,-86.67450420061748,0.15255332564831608,0.5136932960400978,-1.7807145540912945,-1.0,-23.913924400122628,67680,6,-18.262235306730965,0.5700000000000004
235,-10.92971094456312,85.61560742060344,85.61544519000583,-86.48732487360637,0.14777505739281574,0.5122315705650382,-1.7801047782931063,-1.0,-23.26211785809316,67968,7,-18.262235306730965,0.5700000000000004
236,-12.539934229607784,85.46224445766873,85.46237415737576,-86.33218924204509,0.14700127967322865,0.5107740124480592,-1.781146087994178,-1.0,-22.973331093810845,68256,8,-18.262235306730965,0.5700000000000004
237,-13.318594547467805,85.29687688085768,85.29693542586432,-86.16450805134244,0.1513739636219624,0.5093205819527308,-1.7810932252970006,-1.0,-21.154398084510927,68544,9,-18.262235306730965,0.5700000000000004
238,-15.281312068135222,85.05111318164401,85.05110245280795,-85.91678629981146,0.1468289722688496,0.5078712639709314,-1.7818660727805562,-1.0,-20.289286483579534,68832,10,-18.262235306730965,0.5700000000000004
239,-15.99677524895219,84.88793908225165,84.88780689239502,-85.74933497111003,0.14792284780802825,0.5064260945138004,-1.7799449289838474,-1.0,-24.762354839604864,69120,11,-18.262235306730965,0.5800000000000004
240,-11.071098276186282,84.6657031642066,84.6657469537523,-85.5254926416609,0.1454744918220159,0.5049850715117322,-1.7804682896369033,-1.0,-22.68793317686168,69408,12,-18.262235306730965,0.5800000000000004
241,-15.135506756527038,84.46708046065436,84.46698829862807,-85.32541836632623,0.1411697187512699,0.5035481351531215,-1.7802683971822262,-1.0,-21.546007840711212,69696,13,-18.262235306730965,0.5800000000000004
242,-11.246856845941346,84.27352327770657,84.27370145585802,-85.12826042705112,0.13858066318142745,0.5021152717785703,-1.7802813996871312,-1.0,-21.662992948813564,69984,14,-18.262235306730965,0.5800000000000004
243,-13.091666741350272,84.10621399349637,84.10612869262695,-84.95963886049059,0.1362605271084855,0.500686483975086,-1.780955846524901,-1.0,-22.91979227695835,70272,15,-18.262235306730965,0.5800000000000004
244,-13.729979469134319,83.87000110414293,83.86991037262811,-84.72160363197327,0.13733854620820946,0.49926177722712356,-1.7809380516409874,-1.0,-22.863321341276997,70560,16,-18.262235306730965,0.5900000000000004
245,-16.838824320502443,83.67440880669488,83.67436856693692,-84.5229156282213,0.12897281708299285,0.4978411097286476,-1.7797332997951243,-1.0,-20.77706612565548,70848,17,-18.262235306730965,0.5900000000000004
246,-11.90730113268764,83.47712193595038,83.47720580630832,-84.32275327046712,0.1358483452608602,0.4964244860327906,-1.7801715603305235,-1.0,-22.194340329440493,71136,18,-18.262235306730965,0.5900000000000004
247,-11.893660526250065,83.28932375378079,83.28931975364685,-84.13370362917583,0.12996018975455728,0.4950119038629863,-1.78107595236765,-1.0,-21.324125344039974,71424,19,-18.262235306730965,0.5900000000000004
248,-16.34932664164,83.05211170514424,83.05205241839091,-83.89374311765035,0.12998527435896298,0.4936033364178406,-1.7803889877266355,-1.0,-21.86691592657355,71712,20,-18.262235306730965,0.5900000000000004
249,-14.91458119262004,82.85302416483562,82.85307653745015,-83.69157298405965,0.12959164704403114,0.49219877397020656,-1.78139089130693,-1.0,-24.70633270288722,72000,21,-18.262235306730965,0.6000000000000004
250,-12.132998590679795,82.74430486891005,82.74428754382663,-83.58102334870233,0.12865611680576372,0.49079820937994456,-1.779727638595634,-1.0,-22.56288605585674,72288,22,-18.262235306730965,0.6000000000000004
251,-12.178129596095346,82.47489635149638,82.4749592145284,-83.30936243798998,0.13089391379617155,0.48940163623127675,-1.780785428153144,-1.0,-23.127544750436883,72576,23,-18.262235306730965,0.6000000000000004
252,-11.09436033118152,82.34208483166165,82.34185902277629,-83.17256877157423,0.12563483122115335,0.4880090311376585,-1.7806349425680108,-1.0,-23.395065011507068,72864,24,-18.262235306730965,0.6000000000000004
253,-13.248030577557907,82.05851425064935,82.0586780442132,-82.88715924157037,0.12420557635939783,0.4866203868554698,-1.7804980302850406,-1.0,-24.404424609437,73152,25,-18.262235306730965,0.6000000000000004
254,-14.45582908493007,81.92044970724318,81.92053818702698,-82.74704421891107,0.12192886364128855,0.4852356994524598,-1.7806809668739636,-1.0,-22.866964878717862,73440,26,-18.262235306730965,0.6100000000000004
255,-12.127827442889208,81.73453476693895,81.7344343662262,-82.55912722481622,0.12401606039040619,0.48385495640751386,-1.7809166523317497,-1.0,-22.365783149584868,73728,27,-18.262235306730965,0.6100000000000004
256,-12.574795815900718,81.55123143725925,81.55118126339383,-82.37300528420343,0.12008810594367485,0.48247814406123424,-1.7806101991898484,-1.0,-20.043091917705357,74016,28,-18.262235306730965,0.6100000000000004
257,-15.589948265195563,81.32347406281366,81.32334457503424,-82.14110763867696,0.12525331619609562,0.48110524099320173,-1.7805811762809753,-1.0,-23.419068216909864,74304,29,-18.262235306730965,0.6100000000000004
258,-13.138064128671878,81.15731490982904,81.15762617852953,-81.96875853008694,0.12631475144169396,0.47973624109807944,-1.7803921120034323,-1.0,-19.888559582558795,74592,30,-18.262235306730965,0.6100000000000004
259,-14.59816760861818,80.91141115294562,80.91133782598708,-81.72415820757548,0.12284771353006363,0.47837114116797846,-1.7805282912320561,-1.0,-24.346041181838228,74880,31,-18.262235306730965,0.6200000000000004
260,-12.220297372275649,80.73901398976643,80.7389473385281,-81.55069743262396,0.12326743363195823,0.47700992154164445,-1.7802066020667553,-1.0,-22.90024360022427,75168,32,-18.262235306730965,0.6200000000000004
261,-12.247255286965533,80.59601296318903,80.59597645865546,-81.4068628417121,0.12061770940716895,0.47565257156060803,-1.7803202403916254,-1.0,-22.13766887211436,75456,33,-18.262235306730965,0.6200000000000004
262,-13.512584514993865,80.38179265128241,80.38178968429565,-81.18958353996277,0.12097460424734487,0.47429909288055366,-1.781162736730443,-1.0,-19.980755038583524,75744,34,-18.262235306730965,0.6200000000000004
263,-13.369814937609569,80.24023826917012,80.24023249414232,-81.04469283421834,0.11832184805017379,0.4729494668750299,-1.7812464816702738,-1.0,-20.541899342050694,76032,35,-18.262235306730965,0.6200000000000004
264,-14.017570455849087,79.95789371596442,79.95807801352606,-80.76030707359314,0.12135665881861415,0.4716036893013451,-1.7808942360182602,-1.0,-20.518188042323487,76320,36,-18.262235306730965,0.6300000000000004
265,-13.850632073271155,79.75016286638048,79.75004445181952,-80.54718131489224,0.12057218447120653,0.4702617300467359,-1.780658684257004,-1.0,-22.75490522251,76608,37,-18.262235306730965,0.6300000000000004
266,-11.687628435512533,79.57651342286005,79.57650719748602,-80.37474022971259,0.11797707507179843,0.4689235829023851,-1.7809366674886808,-1.0,-19.95879783365017,76896,38,-18.262235306730965,0.6300000000000004
267,-13.510956686997401,79.3983231915368,79.39828883277045,-80.19374730851915,0.11824529946574734,0.4675892456952069,-1.7797055509355333,-1.0,-25.12555531274528,77184,39,-18.262235306730965,0.6300000000000004
268,-12.191119571462334,79.2438338862525,79.2438628938463,-80.036773469713,0.12182692715173794,0.46625871066417957,-1.7810712510512934,-1.0,-22.490884183590765,77472,40,-18.262235306730965,0.6300000000000004
269,-11.772413674256416,79.02465285195245,79.02462699678209,-79.81680960125394,0.1155914715749936,0.46493196001069415,-1.7811087287134595,-1.0,-22.7325639567555,77760,41,-18.262235306730965,0.6400000000000005
270,-15.142292953158718,78.77367570665147,78.7735718621148,-79.56233840518527,0.11842565034102234,0.46360899073382217,-1.7808300947977438,-1.0,-23.7461050500723,78048,42,-18.262235306730965,0.6400000000000005
271,-12.446234248612855,78.62193859948053,78.62205160988702,-79.40903419918484,0.1126089626405802,0.46228977975745994,-1.7811216314633687,-1.0,-21.381720677161397,78336,43,-18.262235306730965,0.6400000000000005
272,-12.095946698997441,78.40158637364705,78.40145023663838,-79.18570823139615,0.11557744624507096,0.4609743169405394,-1.7799770314660337,-1.0,-21.84251439997435,78624,44,-18.262235306730965,0.6400000000000005
273,-13.95663699600167,78.16726671324835,78.16732504632738,-78.94962731997173,0.1133550001670503,0.45966260518050855,-1.780106995254755,-1.0,-19.815038808509883,78912,45,-18.262235306730965,0.6400000000000005
274,-12.44751806151837,78.00873449113634,78.00870765580072,-78.78903675079346,0.11604787070407635,0.4583546294727259,-1.7812478207051754,-1.0,-20.681534424963697,79200,46,-18.262235306730965,0.6500000000000005
275,-13.958417203612163,77.834305551317,77.83441766103108,-78.61220216751099,0.10866597742359671,0.4570503763647543,-1.7806414663791656,-1.0,-22.434103201660125,79488,47,-18.262235306730965,0.6500000000000005
276,-14.877470231973145,77.62352554003398,77.62348347240024,-78.4007465309567,0.10981032681754893,0.45574983167979455,-1.7807180707653363,-1.0,-22.708506785779942,79776,48,-18.262235306730965,0.6500000000000005
277,-11.537751325694801,77.43195660909016,77.43183257844713,-78.2058215936025,0.1074030787890984,0.45445298289673197,-1.7804762021534972,-1.0,-21.247144162973598,80064,49,-18.262235306730965,0.6500000000000005
278,-11.786276762078021,77.16453517807855,77.16456847720676,-77.93641948699951,0.10958909101059867,0.4531598202884197,-1.7807720862329006,-1.0,-19.64107544292615,80352,50,-18.262235306730965,0.6500000000000005
279,-11.682410496852796,77.04336039225261,77.04332293404474,-77.81387337048848,0.10756766832330161,0.4518703485114707,-1.7799396746688418,-1.0,-24.34995128328876,80640,51,-18.262235306730965,0.6600000000000005
280,-13.349863069471791,76.8350105550554,76.83514330122206,-77.60336152712505,0.10724115268223816,0.4505845383844442,-1.7817484765417047,-1.0,-18.42875283621947,80928,52,-18.262235306730965,0.6600000000000005
281,-13.945252811814502,76.65152128537495,76.65142761336432,-77.41748338275485,0.10699183958220398,0.4493023905282219,-1.7804638308783372,-1.0,-20.429928826581513,81216,53,-18.262235306730965,0.6600000000000005
282,-16.15467694266362,76.42095330026415,76.42094704839919,-77.18395646413167,0.10821913873466353,0.44802389573305845,-1.7811339274048805,-1.0,-22.6059246512617,81504,54,-18.262235306730965,0.6600000000000005
283,-13.649875207776299,76.28804432021246,76.28805716832478,-77.04755380418565,0.1106981198148181,0.4467490394082334,-1.7809184226724837,-1.0,-19.434762289051832,81792,55,-18.262235306730965,0.6600000000000005
284,-12.042767466207428,76.04110349549188,76.04118243853252,-76.79921425713434,0.1071405459402336,0.44547780272033477,-1.7805603312121496,-1.0,-21.660237472180597,82080,56,-18.262235306730965,0.6700000000000005
285,-14.541235659130503,75.89090249273512,75.8908622264862,-76.64725883801778,0.10668718450081845,0.4442101808057891,-1.7801669533881876,-1.0,-21.036022651783245,82368,57,-18.262235306730965,0.6700000000000005
286,-16.714247663274794,75.63621028264363,75.63612371020847,-76.39008084932964,0.10622624941687617,0.4429461604191197,-1.7793795615434647,-1.0,-20.196576587049858,82656,58,-18.262235306730965,0.6700000000000005
287,-13.71437879837182,75.46279525756836,75.46273827552795,-76.21416340933905,0.10454216752097839,0.4416857453890973,-1.779231169157558,-1.0,-19.873227699143996,82944,59,-18.262235306730965,0.6700000000000005
288,-11.982553346999465,75.26532856623332,75.26542380121019,-76.01450488302443,0.10520990004038645,0.44042892060759997,-1.7803889976607428,-1.0,-20.22051316315751,83232,60,-18.262235306730965,0.6700000000000005
289,-14.63389715491016,75.09880595737033,75.09878593020969,-75.84694009357028,0.10519742425013748,0.4391756768648823,-1.7802452565067344,-1.0,-23.08115804710624,83520,61,-18.262235306730965,0.6800000000000005
290,-15.564738855230292,74.90600249502394,74.90614120165507,-75.65219333436754,0.10584479821328488,0.4379259998806649,-1.7797842650777764,-1.0,-20.056127008191055,83808,62,-18.262235306730965,0.6800000000000005
291,-12.614004680823767,74.71674333678351,74.7165715959337,-75.46166348457336,0.10238730683664067,0.43667987340854275,-1.7804216618339221,-1.0,-22.169978006863484,84096,63,-18.262235306730965,0.6800000000000005
292,-12.577473258944915,74.50511134995355,74.50514568222894,-75.2483475473192,0.09916316999846862,0.4354372882387704,-1.7802368485265307,-1.0,-23.39998414676433,84384,64,-18.262235306730965,0.6800000000000005
293,-13.531455094261073,74.3144863711463,74.31443752182855,-75.05517376793756,0.0991897164300705,0.43419823867993224,-1.7802682034671307,-1.0,-20.631445248004898,84672,65,-18.262235306730965,0.6800000000000005
294,-11.666431864180632,74.0879119237264,74.0880216492547,-74.82626289791531,0.09745191478739595,0.4329627223519815,-1.779736291617155,-1.0,-21.252108700140848,84960,66,-18.262235306730965,0.6900000000000005
295,-11.028917980841989,73.90824325879414,73.90821316507127,-74.6443920135498,0.09591967714691742,0.4317307128674454,-1.7799552550746336,-1.0,-19.27010173729465,85248,67,-18.262235306730965,0.6900000000000005
296,-11.758792219579648,73.73239209916856,73.73246913486057,-74.46677486101787,0.0963666084377716,0.43050220670799416,-1.7794086734453838,-1.0,-19.39580849371843,85536,68,-18.262235306730965,0.6900000000000005
297,-15.004923003250678,73.50461755858527,73.50456648402744,-74.23807742860582,0.09325456526130438,0.4292772072884772,-1.780232324368424,-1.0,-19.374913876874434,85824,69,-18.262235306730965,0.6900000000000005
298,-11.531762328003062,73.3398020002577,73.33973858091566,-74.06904588805304,0.09490777117510636,0.42805568573789465,-1.7801629929906793,-1.0,-18.887991907302556,86112,70,-18.262235306730965,0.6900000000000005
299,-13.38810989272839,73.15270577536688,73.15284744898479,-73.88132002618578,0.09534949052613229,0.4268376361578703,-1.7807665934993162,-1.0,-20.390442252634852,86400,71,-18.262235306730965,0.7000000000000005
300,-12.435497617985957,72.98335403866238,72.98319580819872,-73.71019988589816,0.09154296608176082,0.42562306279109585,-1.7804401165081396,-1.0,-23.160598893302534,86688,72,-18.262235306730965,0.7000000000000005
301,-13.009304108981606,72.7992135948605,72.79927611351013,-73.5235931608412,0.0930602591122604,0.42441195466866094,-1.7794384165770478,-1.0,-18.67181064795171,86976,73,-18.262235306730965,0.7000000000000005
302,-12.177342050656158,72.61614894866943,72.61614762412177,-73.3375908003913,0.09409045311622322,0.4232042758829064,-1.7797155794170167,-1.0,-24.434617626840037,87264,74,-18.262235306730965,0.7000000000000005
303,-13.240126836388097,72.43064557181464,72.4306768046485,-73.14938558472528,0.09490310427887987,0.42200003419485355,-1.779593279792203,-1.0,-20.208477991570867,87552,75,-18.262235306730965,0.7000000000000005
304,-12.698549563367342,72.22536537382338,72.22528510623508,-72.94308177630107,0.09200842772972667,0.4207992268105348,-1.7789105044470892,-1.0,-22.050539179712484,87840,76,-18.262235306730965,0.7100000000000005
305,-12.031483363885018,72.02976338068645,72.02984057532416,-72.74620424376593,0.09225218357621795,0.41960182278934455,-1.7803504831261106,-1.0,-22.873723500220336,88128,77,-18.262235306730965,0.7100000000000005
306,-12.145143048896207,71.81673730744257,71.81666241751776,-72.52973813480801,0.09257221131378578,0.4184078218208419,-1.7806056497825518,-1.0,-22.074901682305164,88416,78,-18.262235306730965,0.7100000000000005
307,-12.603006861832318,71.65956322352092,71.65961607297261,-72.37138607766893,0.0947596634634667,0.4172172288720806,-1.7802501875493262,-1.0,-24.177410075322612,88704,79,-18.262235306730965,0.7100000000000005
308,-12.154740913799404,71.478656106525,71.47854110929701,-72.18728364838495,0.09316567519110525,0.41603002790361643,-1.779776506539848,-1.0,-24.398706920436286,88992,80,-18.262235306730965,0.7100000000000005
309,-12.770304182075922,71.24279986487494,71.2429183324178,-71.94877492056952,0.09365049333104657,0.41484621446579695,-1.7809421457350254,-1.0,-22.556587826085586,89280,81,-18.262235306730965,0.7200000000000005
310,-14.704303163356927,71.08602812555101,71.08595951398213,-71.79070183965895,0.0894718001363799,0.4136657589632604,-1.7794937429328759,-1.0,-21.747993492806305,89568,82,-18.262235306730965,0.7200000000000005
311,-13.565029342582731,70.92787679036458,70.92786245875888,-71.63114290767246,0.09192216260513912,0.41248865860203904,-1.779883189747731,-1.0,-25.075423502196443,89856,83,-18.262235306730965,0.7200000000000005
312,-13.792209123958177,70.70744140942891,70.70743370056152,-71.40839282671611,0.09229877871823394,0.41131491576217943,-1.7799440340863333,-1.0,-20.676973185291427,90144,84,-18.262235306730965,0.7200000000000005
313,-12.051896211712947,70.54625103208754,70.54632263713412,-71.24578430917528,0.09398653491451922,0.41014450995458496,-1.7792814075946808,-1.0,-21.16458101449059,90432,85,-18.262235306730965,0.7200000000000005
314,-13.399106703406352,70.37240118450589,70.37240354220073,-71.07118299272325,0.08838111163479173,0.4089774282442199,-1.7802122752699587,-1.0,-22.428124474447614,90720,86,-18.262235306730965,0.7300000000000005
315,-12.628038534426679,70.16455517874823,70.16456773546007,-70.86026626163058,0.0895147040201765,0.40781367001020247,-1.7793514103525214,-1.0,-23.125707840084974,91008,87,-18.262235306730965,0.7300000000000005
316,-10.729165792178557,69.9871924718221,69.98710605833266,-70.68043033281963,0.09023332998104808,0.4066531758548485,-1.7794744682808716,-1.0,-22.540781983301468,91296,88,-18.262235306730965,0.7300000000000005
317,-12.491003480531642,69.77344701025221,69.77350730366177,-70.46410054630704,0.09375715651549399,0.4054960309424334,-1.7797521874308586,-1.0,-22.072877097076333,91584,89,-18.262235306730965,0.7300000000000005
318,-14.505974691627566,69.55414260758295,69.55409256617229,-70.24323140250311,0.08890552195306453,0.4043421761857139,-1.779499039053917,-1.0,-19.80093460427794,91872,90,-18.262235306730965,0.7300000000000005
319,-13.501558561767132,69.40755441453722,69.40764270888434,-70.09543556637234,0.09108075289987028,0.403191605479353,-1.7802074804074235,-1.0,-21.290558747378395,92160,91,-18.262235306730965,0.7400000000000005
320,-12.132956080982627,69.20776409573025,69.20774502224393,-69.8937407069736,0.08602671996535112,0.40204432213471997,-1.7797730225655768,-1.0,-19.935033192746523,92448,92,-18.262235306730965,0.7400000000000005
321,-16.36578089196019,68.99677401118808,68.99664873547025,-69.68127102322049,0.08861763843904352,0.40090029976434177,-1.779536758446031,-1.0,-22.92326639399808,92736,93,-18.262235306730965,0.7400000000000005
322,-13.138785653221385,68.83761466874017,68.83759024408128,-69.51981049113803,0.08397328320683704,0.39975952574362356,-1.7798170190718439,-1.0,-21.069506059786633,93024,94,-18.262235306730965,0.7400000000000005
323,-12.436339075675752,68.62915576828851,68.62924075126648,-69.30811542934842,0.08793849071177344,0.3986219946915905,-1.7790796897477574,-1.0,-21.221577114062267,93312,95,-18.262235306730965,0.7400000000000005
324,-11.145682483459737,68.46400761604309,68.46419474813673,-69.13686561584473,0.08770176103442079,0.3974877092987299,-1.7788095014790695,-1.0,-23.18857603045291,93600,96,-18.262235306730965,0.7500000000000006
325,-14.257493894585936,68.2452945974138,68.24537637498644,-68.91675477557712,0.08709003284780516,0.3963566518699129,-1.7797920025057263,-1.0,-22.6806588928561,93888,97,-18.262235306730965,0.7500000000000006
326,-13.477287877928086,68.06050769488017,68.06034949090746,-68.73045097457037,0.08357812421551596,0.3952287882566452,-1.7796107232570648,-1.0,-19.7078097269373,94176,98,-18.262235306730965,0.7500000000000006
327,-12.350902729475425,67.86596470408969,67.86590406629774,-68.53492164611816,0.0851104465028685,0.39410415426310563,-1.7792561782730951,-1.0,-18.28431684913967,94464,99,-18.262235306730965,0.7500000000000006
328,-14.460317847541695,67.74052357673645,67.74048773447673,-68.41097331047058,0.08145154263669004,0.3929827165686422,-1.7790063288476732,-1.0,-19.075568404118624,94752,100,-18.262235306730965,0.7500000000000006
329,-13.762603547451613,67.50212558110555,67.50212870703803,-68.16960220866733,0.08129964018654492,0.39186446606698966,-1.779651951458719,-1.0,-19.87005537948508,95040,101,-18.262235306730965,0.7600000000000006
330,-12.655150868155294,67.34800428814358,67.34799893697102,-68.01391389634874,0.08235473119808982,0.3907494050347143,-1.7785441929267511,-1.0,-19.02612902265948,95328,102,-18.262235306730965,0.7600000000000006
331,-11.123771719157745,67.14237780041165,67.14232156011794,-67.80565990342035,0.08378549440143009,0.38963753378225696,-1.7792689845793777,-1.0,-22.94802641168508,95616,103,-18.262235306730965,0.7600000000000006
332,-12.899086432118882,66.97835622893439,66.97826115290324,-67.63877145449321,0.08341423128472848,0.3885288147462739,-1.7790678789218266,-1.0,-20.55319988561313,95904,104,-18.262235306730965,0.7600000000000006
333,-12.949079468263866,66.76516495810614,66.76525269614325,-67.42295869191487,0.08067085498219563,0.38742324120054644,-1.7796032205224037,-1.0,-22.118183009351515,96192,105,-18.262235306730965,0.7600000000000006
334,-14.239860928012366,66.5637362268236,66.56378820207384,-67.22122147348192,0.08585428722047557,0.3863207996926374,-1.7789335370891624,-1.0,-21.085389954793694,96480,106,-18.262235306730965,0.7700000000000006
335,-12.01863372056076,66.40686374240451,66.40690994262695,-67.06254129939609,0.08227169878470401,0.3852214886703425,-1.7786823254492548,-1.0,-21.582562438024656,96768,107,-18.262235306730965,0.7700000000000006
336,-15.913905179698622,66.1790574921502,66.17900281482272,-66.83304055531819,0.08156259099228515,0.38412532665663296,-1.7783039121164217,-1.0,-19.452644478627775,97056,108,-18.262235306730965,0.7700000000000006
337,-14.175210969531047,66.0244709915585,66.02450611856248,-66.67674088478088,0.07960538980033663,0.3830322071702944,-1.779479989575015,-1.0,-25.42330367131692,97344,109,-18.262235306730965,0.7700000000000006
338,-10.476881153749176,65.87829846805997,65.878259367413,-66.5275691350301,0.0802503610159167,0.38194216404938036,-1.7785508429838552,-1.0,-18.046202559477575,97632,0,-18.046202559477575,0.7700000000000006
339,-13.988274583592792,65.64974178208246,65.64966376622517,-66.2972588274214,0.08239883474177784,0.3808553410280082,-1.7778062062958877,-1.0,-25.39251631426116,97920,1,-18.046202559477575,0.7800000000000006
340,-12.572949910004146,65.49093148443434,65.4909451537662,-66.13693637318082,0.08002195147693986,0.3797716034783257,-1.7790397670533922,-1.0,-22.583821508305373,98208,2,-18.046202559477575,0.7800000000000006
341,-12.123883408376626,65.31096940570407,65.31112178166707,-65.9556770324707,0.08251937817678684,0.37869095160729355,-1.778604682121012,-1.0,-19.625475709758387,98496,3,-18.046202559477575,0.7800000000000006
342,-14.8157453001308,65.07810393969218,65.07788650194804,-65.7214794423845,0.08105946537883331,0.3776133838627074,-1.7788643675545852,-1.0,-20.976357391839663,98784,4,-18.046202559477575,0.7800000000000006
343,-12.778721580077525,64.91722579797108,64.91726985242632,-65.557634751002,0.0784282674236844,0.3765388769615028,-1.7779953699145052,-1.0,-21.524173064367755,99072,5,-18.046202559477575,0.7800000000000006
344,-12.684072467507722,64.72911564509074,64.72922420501709,-65.36795947286818,0.07728161313571036,0.3754674234530992,-1.7789609399106767,-1.0,-19.71778774739947,99360,6,-18.046202559477575,0.7900000000000006
345,-15.494258149020016,64.5417462322447,64.54161805576749,-65.17795422342088,0.07935275359907085,0.3743990208539698,-1.7780909654166963,-1.0,-21.93030875624307,99648,7,-18.046202559477575,0.7900000000000006
346,-11.512090954166776,64.3565337922838,64.356643848949,-64.99086538950603,0.07674799915144427,0.3733336620239748,-1.7786729513771005,-1.0,-19.59304332420983,99936,8,-18.046202559477575,0.7900000000000006
347,-13.354453742538352,64.18755027982924,64.1875452597936,-64.82050857279036,0.07747714309435752,0.3722713353733222,-1.7784059560961194,-1.0,-20.43380961308578,100224,9,-18.046202559477575,0.7900000000000006
348,-12.515650599018164,64.02718897660573,64.02702871958415,-64.65725364949968,0.07822928453485171,0.3712120277600156,-1.7784320207105742,-1.0,-19.29621442598551,100512,10,-18.046202559477575,0.7900000000000006
349,-12.567096299646991,63.79642261399163,63.796423779593574,-64.42478270000882,0.07665331435338077,0.3701557310091125,-1.7779038565026388,-1.0,-18.601642084317096,100800,11,-18.046202559477575,0.8000000000000006
350,-14.942341522250011,63.63667519887289,63.63678785165151,-64.26499823729198,0.08161189572678672,0.36910244408580994,-1.777935476352771,-1.0,-19.321432266982068,101088,12,-18.046202559477575,0.8000000000000006
351,-10.86852846698705,63.49146638976203,63.49143470658196,-64.1174796157413,0.07797613601562464,0.3680521556072765,-1.7778208905624018,-1.0,-20.461943203181335,101376,13,-18.046202559477575,0.8000000000000006
352,-11.552834348450164,63.28492291768392,63.28491650687324,-63.90923002031114,0.0757849564931045,0.3670048669187559,-1.7781041409406397,-1.0,-19.529429111208714,101664,14,-18.046202559477575,0.8000000000000006
353,-12.324254708607247,63.09127754635281,63.09136700630188,-63.71372351381514,0.07942981689444019,0.365960538180338,-1.7776838681764073,-1.0,-20.02898319036734,101952,15,-18.046202559477575,0.8000000000000006
354,-12.852992826210906,62.88867314656576,62.88856618934207,-63.50933380921682,0.07603480890651958,0.364919187914994,-1.7767616779439979,-1.0,-18.3654729678488,102240,16,-18.046202559477575,0.8100000000000006
355,-10.990598394310766,62.74791647328271,62.74785308043162,-63.36696434020996,0.07567091478914437,0.3638808046364122,-1.7784108138746686,-1.0,-20.434848208703087,102528,17,-18.046202559477575,0.8100000000000006
356,-14.866482857684776,62.562110371059845,62.56225211090512,-63.17754617002275,0.07626733037694874,0.3628453728225496,-1.777027557293574,-1.0,-19.604652813381204,102816,18,-18.046202559477575,0.8100000000000006
357,-12.212368256730414,62.414981457922195,62.41499053107368,-63.03087736500634,0.07420979050867674,0.36181289112816256,-1.7786000180575583,-1.0,-19.184466354919486,103104,19,-18.046202559477575,0.8100000000000006
358,-12.134692939846225,62.20619338088565,62.20616773764292,-62.81915718979306,0.07410730548306471,0.36078334547993207,-1.7771363883382745,-1.0,-13.010719867580924,103392,0,-13.010719867580924,0.8100000000000006
359,-12.261537684138778,62.07311577267117,62.073230942090355,-62.683230559031166,0.07471589555239512,0.35975673887878656,-1.7774376260737579,-1.0,-19.712891385713096,103680,1,-13.010719867580924,0.8200000000000006
360,-13.628755713623532,61.87613685925802,61.87604508135054,-62.485760755009125,0.07255689891624367,0.3587330403841204,-1.7780283205211163,-1.0,-25.464592535364744,103968,2,-13.010719867580924,0.8200000000000006
361,-11.713756530130716,61.687053667174446,61.68695604801178,-62.2922053999371,0.07303479877817962,0.3577122535142634,-1.7771292755173311,-1.0,-23.66442248756717,104256,3,-13.010719867580924,0.8200000000000006
362,-12.534587194861643,61.546843184365166,61.54688198036618,-62.15389688809713,0.07219027341084762,0.3566943757856886,-1.7784647920893297,-1.0,-21.684076755513473,104544,4,-13.010719867580924,0.8200000000000006
363,-10.93402093655041,61.344171457820465,61.34435953034295,-61.947820676697624,0.07381784172159517,0.3556793907450305,-1.7775100088781781,-1.0,-22.005009861992107,104832,5,-13.010719867580924,0.8200000000000006
364,-11.810493356500231,61.16022968292236,61.160121136241486,-61.76176080438826,0.07261209972461478,0.3546672902173466,-1.7779197084407012,-1.0,-19.74960108633123,105120,6,-13.010719867580924,0.8300000000000006
365,-13.195919284209026,60.983205291959976,60.98301815986633,-61.58237788412306,0.07323280068683541,0.3536580697529846,-1.7771282104982271,-1.0,-17.13372769247987,105408,7,-13.010719867580924,0.8300000000000006
366,-12.347712594803564,60.821543388896515,60.82147647274865,-61.41988776789771,0.07203823322844174,0.35265172955890495,-1.7782453008823924,-1.0,-19.378548934911834,105696,8,-13.010719867580924,0.8300000000000006
367,-11.853172559072961,60.643152978685166,60.64327383041382,-61.241162949138214,0.07187830033298168,0.35164825059473515,-1.7769314021699958,-1.0,-21.8989477456846,105984,9,-13.010719867580924,0.8300000000000006
368,-12.988286449816488,60.504657016860115,60.50466728210449,-61.10063264105055,0.07159112834940767,0.35064762437509167,-1.7775630913674831,-1.0,-16.63461645914359,106272,10,-13.010719867580924,0.8300000000000006
369,-11.630606536344033,60.263071086671616,60.26302021079593,-60.85809894402822,0.06915272089342277,0.34964984303547275,-1.7776661155124505,-1.0,-21.73214428662382,106560,11,-13.010719867580924,0.8400000000000006
370,-12.50305554002011,60.11902907159593,60.11909592151642,-60.71205292807685,0.06914949977201307,0.34865490160882473,-1.7777302770151033,-1.0,-16.44706443301269,106848,12,-13.010719867580924,0.8400000000000006
371,-14.666078332726267,59.91837754514482,59.91831117206149,-60.50960034794278,0.07188992706748347,0.3476627954385347,-1.7780826273891661,-1.0,-21.750350014940505,107136,13,-13.010719867580924,0.8400000000000006
372,-13.655314290294623,59.795139736599396,59.79520441426171,-60.38560895125071,0.06839578553465092,0.34667351976450944,-1.7775058241354094,-1.0,-25.98048939059206,107424,14,-13.010719867580924,0.8400000000000006
373,-11.327204436479262,59.584081292152405,59.58392726050483,-60.17209576235877,0.06742227021863477,0.3456870616517133,-1.777640889916155,-1.0,-17.03158771345068,107712,15,-13.010719867580924,0.8400000000000006
374,-12.512316953659163,59.4498969051573,59.45004083050622,-60.03751154740652,0.06863207015622821,0.3447033988518847,-1.7783056675559945,-1.0,-25.908038976847106,108000,16,-13.010719867580924,0.8500000000000006
375,-12.897951646275635,59.23550107744005,59.235495487848915,-59.82060004605187,0.07126101115459783,0.3437225323998266,-1.7781165337396994,-1.0,-18.022312006341092,108288,17,-13.010719867580924,0.8500000000000006
376,-15.580016141742236,59.07417645719316,59.074071645736694,-59.656684623824226,0.06748921483651632,0.3427444600189726,-1.7782544216348066,-1.0,-20.500243676447965,108576,18,-13.010719867580924,0.8500000000000006
377,-13.299133956545283,58.869524624612595,58.86965351634555,-59.451849195692276,0.06815189997562104,0.34176918201976353,-1.7784646588067214,-1.0,-19.481611412354823,108864,19,-13.010719867580924,0.8500000000000006
378,-12.492660061796748,58.74833103020986,58.74820277425978,-59.328577081362404,0.06666125093276302,0.3407966664267911,-1.7772304912408192,-1.0,-23.30678730235772,109152,20,-13.010719867580924,0.8500000000000006
379,-12.97492706502305,58.5693828397327,58.56946035226186,-59.14732849597931,0.06476972413818455,0.339826916034023,-1.777901756680674,-1.0,-24.209431577469957,109440,21,-13.010719867580924,0.8600000000000007
380,-12.572987834468556,58.42191979620192,58.421839912732445,-58.99718419710795,0.06962634744640026,0.33885993094493944,-1.778063250084718,-1.0,-20.265245189027752,109728,22,-13.010719867580924,0.8600000000000007
381,-13.483393737642968,58.2310801214642,58.231187833680046,-58.80546560552385,0.06797323250470476,0.3378957096073363,-1.7767122288544972,-1.0,-19.603845987848455,110016,23,-13.010719867580924,0.8600000000000007
382,-12.180234698621728,58.05974925888909,58.059662924872505,-58.63279898961385,0.06581709284283635,0.3369342235641347,-1.776538407223092,-1.0,-19.149654364108933,110304,24,-13.010719867580924,0.8600000000000007
383,-13.542810967265089,57.92389787567986,57.923965056737266,-58.49560823705461,0.064608989464533,0.3359754662960768,-1.776835732989841,-1.0,-20.0153107166619,110592,25,-13.010719867580924,0.8600000000000007
384,-11.668615169571847,57.75725613700019,57.757206969790985,-58.32676147090064,0.0663699783746981,0.3350194346987539,-1.777744644218021,-1.0,-19.554921410498647,110880,26,-13.010719867580924,0.8700000000000007
385,-13.54250553920877,57.549126002523636,57.54911528693305,-58.11698246002197,0.0647403759519673,0.33406612784084344,-1.777240202244785,-1.0,-25.738115264043255,111168,27,-13.010719867580924,0.8700000000000007
386,-11.44044832041206,57.407155474027,57.40700810485416,-57.972174962361656,0.0655232836983891,0.3331155338221126,-1.7778264892597992,-1.0,-17.959733956318388,111456,28,-13.010719867580924,0.8700000000000007
387,-12.561825075924792,57.19518521096971,57.19527314768897,-57.75825321674347,0.06445505506255561,0.3321676417771313,-1.7780639334685273,-1.0,-17.707624902468826,111744,29,-13.010719867580924,0.8700000000000007
388,-11.735452832343396,57.07182021935781,57.07183753119575,-57.63469672203064,0.06189236453630858,0.3312224539824658,-1.7777696777549055,-1.0,-20.877881172397846,112032,30,-13.010719867580924,0.8700000000000007
389,-11.659051406427265,56.90727061695523,56.90732643339369,-57.46568046675788,0.06643088768598521,0.3302799611248904,-1.7763288451565638,-1.0,-19.915666256683895,112320,31,-13.010719867580924,0.8800000000000007
390,-12.229354063126538,56.76928366555108,56.76924979686737,-57.32730105188158,0.06453362081406845,0.3293401408526633,-1.77791643432445,-1.0,-21.070574295751708,112608,32,-13.010719867580924,0.8800000000000007
391,-13.407060200257307,56.56562104490068,56.56563584009806,-57.122977203793,0.0624678110729696,0.32840299006137585,-1.777661807835102,-1.0,-15.360311679618514,112896,33,-13.010719867580924,0.8800000000000007
392,-12.189971056301387,56.395365211698746,56.39531208409203,-56.95244047376845,0.06203861235796163,0.32746851082063383,-1.7777348558108013,-1.0,-17.49840521853997,113184,34,-13.010719867580924,0.8800000000000007
393,-11.271349125702649,56.23745357990265,56.23757329252031,-56.792449394861855,0.0629889038650112,0.3265366955763764,-1.7768552150163386,-1.0,-15.012816617469392,113472,35,-13.010719867580924,0.8800000000000007
394,-11.7431841236172,56.057629664738975,56.05760586261749,-56.60961357752482,0.06146226459855421,0.3256075245638688,-1.7767628327839904,-1.0,-16.744895318218948,113760,36,-13.010719867580924,0.8900000000000007
395,-11.991280740095592,55.89866116311815,55.89859844578637,-56.44942303498586,0.06141376763116568,0.3246809984039929,-1.777335358576642,-1.0,-19.35695104072413,114048,37,-13.010719867580924,0.8900000000000007
396,-12.830288564860615,55.73667576577928,55.73662894301944,-56.2864889966117,0.06136422009310789,0.3237571194767952,-1.7762659270730283,-1.0,-16.83281816154413,114336,38,-13.010719867580924,0.8900000000000007
397,-11.652009170806846,55.57604316870371,55.57605352666643,-56.123940520816376,0.060415677221802376,0.32283586646533674,-1.7776753182212512,-1.0,-15.824421629981378,114624,39,-13.010719867580924,0.8900000000000007
398,-12.669935310935736,55.40721748934852,55.407200853029885,-55.95244688457913,0.060697497812927596,0.32191722550325924,-1.777779259201553,-1.0,-13.981845040809644,114912,40,-13.010719867580924,0.8900000000000007
399,-15.02877048006143,55.26005138291253,55.260107477506004,-55.80462687545352,0.05954256432596594,0.3210011976253655,-1.7777113045255344,-1.0,-15.378120077236636,115200,41,-13.010719867580924,0.9000000000000007
400,-12.742463780708803,55.09740275806851,55.09741830825806,-55.64039305845896,0.05999795293125013,0.32008779017875594,-1.778036944154236,-1.0,-15.905815112749117,115488,42,-13.010719867580924,0.9000000000000007
401,-10.824220997421131,54.907253397835625,54.90726722611321,-55.44743292861514,0.06128457530091206,0.3191769707741009,-1.776611150138908,-1.0,-14.667321597065422,115776,43,-13.010719867580924,0.9000000000000007
402,-12.353767130120483,54.75124233298831,54.75134156809913,-55.29001106156243,0.05904578955637084,0.3182687387905187,-1.7780479072696633,-1.0,-14.929202969922132,116064,44,-13.010719867580924,0.9000000000000007
403,-15.25555703953854,54.596721132596336,54.596752285957336,-55.13143159283532,0.05951611270817617,0.31736309867766166,-1.7777440071933799,-1.0,-16.253664882402067,116352,45,-13.010719867580924,0.9000000000000007
404,-13.056091758842582,54.4162445863088,54.41602991686927,-54.95017156336043,0.059517919357555606,0.3164600415362252,-1.7770409257047706,-1.0,-17.35019008633299,116640,46,-13.010719867580924,0.9100000000000007
405,-13.933353685106084,54.265250908003914,54.2653793891271,-54.80147414737277,0.05685699916082538,0.3155595406682955,-1.777177583426237,-1.0,-18.537746806048983,116928,47,-13.010719867580924,0.9100000000000007
406,-12.11888397618818,54.12017675240835,54.120082100232445,-54.65395833386315,0.05658688287561139,0.314661608181066,-1.777077842089865,-1.0,-18.81544727571035,117216,48,-13.010719867580924,0.9100000000000007
407,-12.476491111244234,53.949199345376755,53.94922908147176,-54.477988044420876,0.06059881197547333,0.3137662386935618,-1.7769695685969458,-1.0,-17.62766969246275,117504,49,-13.010719867580924,0.9100000000000007
408,-14.20965056332358,53.76877448293898,53.76879562271966,-54.299133168326485,0.05837170464090175,0.31287340561134946,-1.7784345568054252,-1.0,-14.247131916682072,117792,50,-13.010719867580924,0.9100000000000007
409,-12.8928313438476,53.63328683376312,53.63331153657701,-54.163441525565254,0.05637167125112481,0.3119831115214361,-1.77740018028352,-1.0,-15.727927918516038,118080,51,-13.010719867580924,0.9200000000000007
410,-12.896729955369105,53.45361802313063,53.45355027251773,-53.981272260348,0.05448396246518112,0.3110953537333343,-1.7769380236665409,-1.0,-19.019234230099155,118368,52,-13.010719867580924,0.9200000000000007
411,-10.031275064379269,53.32525314225091,53.32523969809214,-53.85274871190389,0.05200566857820377,0.3102101381454203,-1.7779178681472938,-1.0,-15.081156352770684,118656,53,-13.010719867580924,0.9200000000000007
412,-10.889989211691464,53.139148738649155,53.139118883344864,-53.66323455174764,0.054181020215360656,0.3093274252282249,-1.7769951845208805,-1.0,-15.071072605286664,118944,54,-13.010719867580924,0.9200000000000007
413,-12.124982689226798,52.970411724514435,52.97046457396613,-53.49398754702674,0.052889070137300424,0.30844722056968343,-1.777338603304492,-1.0,-18.346478393352246,119232,55,-13.010719867580924,0.9200000000000007
414,-11.738949927298904,52.81152440441979,52.81149431069692,-53.33396085103353,0.056673776112600334,0.3075695281020469,-1.7768897919191255,-1.0,-16.486729550683815,119520,56,-13.010719867580924,0.9300000000000007
415,-11.278581161066878,52.6818395058314,52.68184898959266,-53.203182803259956,0.05255389443158896,0.3066943362355232,-1.776394238902463,-1.0,-21.369851233625013,119808,57,-13.010719867580924,0.9300000000000007
416,-12.422037046345533,52.494452357292175,52.494465324613785,-53.01366639137268,0.05389790028695845,0.30582163400120205,-1.7776708871954017,-1.0,-16.344757829315554,120096,58,-13.010719867580924,0.9300000000000007
417,-13.429687638355535,52.38206704457601,52.38201324144999,-52.899852342075775,0.055060179606597454,0.3049514066014025,-1.7766596140960853,-1.0,-20.49412219353714,120384,59,-13.010719867580924,0.9300000000000007
418,-12.792871437148948,52.182802809609306,52.18285573853387,-52.698642214139305,0.05543317061771328,0.304083657450974,-1.7775857481691573,-1.0,-15.929962352996702,120672,60,-13.010719867580924,0.9300000000000007
419,-12.371686768302107,52.002041048473785,52.00213981999291,-52.51602039072249,0.05581597982543624,0.3032183844803108,-1.7767801185448964,-1.0,-15.623937001202776,120960,61,-13.010719867580924,0.9400000000000007
420,-9.43685594127861,51.88348718484243,51.88339818848504,-52.39625981118944,0.05440834132281856,0.3023555637854669,-1.776544512146049,-1.0,-18.07043171053542,121248,62,-13.010719867580924,0.9400000000000007
421,-11.763367720570033,51.73941649330987,51.73941560586294,-52.25085163116455,0.05495395827003651,0.3014952037483454,-1.7769176305996046,-1.0,-16.081458700426072,121536,63,-13.010719867580924,0.9400000000000007
422,-12.943569266521505,51.55024732483758,51.55017999807993,-52.0601978831821,0.05643520154990256,0.3006372974357671,-1.7769634359412723,-1.0,-18.71293135107837,121824,64,-13.010719867580924,0.9400000000000007
423,-12.520709482041456,51.38003412882487,51.380074421564736,-51.8885018295712,0.055573165714223355,0.29978182684216237,-1.7773484993312094,-1.0,-15.25511648702063,122112,65,-13.010719867580924,0.9400000000000007
424,-12.45948948601541,51.266128712230255,51.26612338754866,-51.77389427026113,0.056510023979677096,0.29892878886312246,-1.7767086558871799,-1.0,-15.646211316801113,122400,66,-13.010719867580924,0.9500000000000007
425,-10.873776403641997,51.12644588947296,51.12644509474436,-51.63218265109592,0.0559053199702046,0.2980781811186009,-1.7760318604608376,-1.0,-17.972643293847984,122688,67,-13.010719867580924,0.9500000000000007
426,-11.676885347765673,50.92584273550246,50.925785952144196,-51.42961311340332,0.05721870554973268,0.29722999926242566,-1.776005779289537,-1.0,-16.583627259409393,122976,68,-13.010719867580924,0.9500000000000007
427,-11.646554598880405,50.78234892421298,50.78247886233859,-51.28513667318556,0.05542642699502823,0.296384222081138,-1.7768469146556325,-1.0,-18.26209419998909,123264,69,-13.010719867580924,0.9500000000000007
428,-13.665508036207875,50.61679391066233,50.61671336491903,-51.11806203259362,0.055973034520219594,0.2955408501956198,-1.777227486173312,-1.0,-16.23056158908697,123552,70,-13.010719867580924,0.9500000000000007
429,-14.377722020421551,50.496540466944374,50.4964970615175,-50.995681405067444,0.054106661661838494,0.2946998852615555,-1.7758514574832387,-1.0,-17.114470940821665,123840,71,-13.010719867580924,0.9600000000000007
430,-13.702750448585046,50.30914403332604,50.309156431092156,-50.807663997014366,0.054994001738830574,0.2938613049272034,-1.7766037479870849,-1.0,-16.72894884274145,124128,72,-13.010719867580924,0.9600000000000007
431,-12.341229174972801,50.14791341622671,50.14789383941226,-50.64551427629259,0.055415471563012235,0.2930251121934917,-1.77635244694021,-1.0,-17.983855889728613,124416,73,-13.010719867580924,0.9600000000000007
432,-12.215052725665359,50.0408718056149,50.040928549236725,-50.536910838550995,0.054085790334890284,0.2921913027142485,-1.7770528776778116,-1.0,-18.379784814668497,124704,74,-13.010719867580924,0.9600000000000007
433,-13.488018399590715,49.87538158893585,49.87531152036455,-50.37051819430457,0.05359081621281803,0.2913598752477103,-1.7769227400422096,-1.0,-16.072179162089025,124992,75,-13.010719867580924,0.9600000000000007
434,-12.201163633079982,49.66997955905067,49.67009676827325,-50.162290109528435,0.05514307853041424,0.29053079843935037,-1.7765046018693182,-1.0,-13.658980585826319,125280,76,-13.010719867580924,0.9700000000000008
435,-11.702382363203155,49.56407254272037,49.564055336846245,-50.05529578526815,0.053580287934487894,0.28970409495135147,-1.775649359656705,-1.0,-17.48870433284078,125568,77,-13.010719867580924,0.9700000000000008
436,-12.536603671218117,49.39732448259989,49.39734302626716,-49.887925227483116,0.054210530193005174,0.28887973456747,-1.7759064820905526,-1.0,-18.04399221854214,125856,78,-13.010719867580924,0.9700000000000008
437,-13.755602306279364,49.23658584223853,49.23651587963104,-49.72478552659353,0.0556201635627076,0.2880577212199569,-1.7761256980399291,-1.0,-17.414042007775027,126144,79,-13.010719867580924,0.9700000000000008
438,-12.266268171610946,49.07873821258545,49.078762332598366,-49.56626219219632,0.05250633916714125,0.2872380494243569,-1.7762586673100789,-1.0,-17.449862055312792,126432,80,-13.010719867580924,0.9700000000000008
439,-11.962942657518976,48.92380664083693,48.92377265294393,-49.40873719586266,0.05445270077972156,0.286420701795982,-1.776460252288315,-1.0,-15.600248115592672,126720,81,-13.010719867580924,0.9800000000000008
440,-13.477488430229574,48.77151894569397,48.771614657508,-49.25430315070682,0.055741806734456785,0.2856056799905168,-1.775668327593141,-1.0,-16.85096718076368,127008,82,-13.010719867580924,0.9800000000000008
441,-12.972172677596067,48.64062322510613,48.64050204224057,-49.12307486269209,0.05332357004388339,0.28479298504276407,-1.7759877923462126,-1.0,-15.265680111574943,127296,83,-13.010719867580924,0.9800000000000008
442,-13.983241806676226,48.47483249505361,48.474808441268074,-48.955260859595406,0.05650254141073674,0.283982597084509,-1.775844366600116,-1.0,-13.378221334705538,127584,84,-13.010719867580924,0.9800000000000008
443,-13.138671730270126,48.308857480684914,48.308917389975655,-48.78858461644914,0.056736210969069764,0.2831745139426655,-1.776971410546038,-1.0,-17.100523586176873,127872,85,-13.010719867580924,0.9800000000000008
444,-10.65212122063473,48.21623992919922,48.21629614300198,-48.69627005524106,0.05378382195097705,0.28236873768683934,-1.777181516091029,-1.0,-16.868375812555232,128160,86,-13.010719867580924,0.9900000000000008
445,-11.64853973279665,48.027616673045685,48.02756804890103,-48.50496092107561,0.05512866688918115,0.28156525714115965,-1.7759794282416503,-1.0,-15.794726826148642,128448,87,-13.010719867580924,0.9900000000000008
446,-10.952747717768096,47.870881981319855,47.87089032597012,-48.34610272778405,0.058578707898656525,0.28076405688706374,-1.7757992847926087,-1.0,-14.141662813329583,128736,88,-13.010719867580924,0.9900000000000008
447,-11.914029937036986,47.74548755751716,47.74535251988305,-48.21955409314897,0.055073356074798435,0.2799651311296556,-1.7765289184947808,-1.0,-16.020351486407666,129024,89,-13.010719867580924,0.9900000000000008
448,-12.205934723499427,47.555594642957054,47.55572779973348,-48.02883957491981,0.05575945563355668,0.2791684785236915,-1.7761012348863814,-1.0,-18.03280159359541,129312,90,-13.010719867580924,0.9900000000000008
449,-12.384403513853252,47.43733433882395,47.43728486696879,-47.91031281153361,0.05450611009857514,0.27837410538146895,-1.7767955077191193,-1.0,-15.830174319770938,129600,91,-13.010719867580924,1.0
450,-10.773245358327625,47.30320518546634,47.30321142408583,-47.773699932628205,0.05600231804419309,0.27758198593639666,-1.775956030935049,-1.0,-17.131273680772892,129888,92,-13.010719867580924,1.0
451,-11.27080685924552,47.12007611327701,47.12005624506209,-47.5891078710556,0.0541580043370939,0.2767921182223492,-1.775507717082898,-1.0,-13.92979039475564,130176,93,-13.010719867580924,1.0
452,-12.979563232451648,46.97592833307054,46.97595936722226,-47.44351249270969,0.05385707510221335,0.2760045026532478,-1.7759830930994616,-1.0,-17.690909594229534,130464,94,-13.010719867580924,1.0
453,-12.705533544530269,46.81653830740187,46.81654441356659,-47.28243596023984,0.054677887793837324,0.27521912329312825,-1.7755376435816288,-1.0,-14.846017291038246,130752,95,-13.010719867580924,1.0
454,-11.73457398248838,46.68534733189477,46.68540440665351,-47.14984664652083,0.052619650455502175,0.27443597838282585,-1.775876140428914,-1.0,-16.5748663589474,131040,96,-13.010719867580924,1.0
455,-12.890007879598624,46.507493164804245,46.507446977827286,-46.97015141116248,0.0562096994318482,0.2736550647144516,-1.776046725610892,-1.0,-17.003017209806778,131328,97,-13.010719867580924,1.0
456,-14.407930557678695,46.384417825274994,46.38448120488061,-46.84547038873037,0.05621822749445629,0.27287638114972246,-1.7753930704461203,-1.0,-15.973186575811583,131616,98,-13.010719867580924,1.0
457,-13.078129515811263,46.23194425635867,46.2319809463289,-46.69135310914781,0.0584434071659214,0.272099903681212,-1.7758753643267684,-1.0,-15.132075271365233,131904,99,-13.010719867580924,1.0
458,-12.94898296982814,46.091228299670746,46.091139263576935,-46.54931888315413,0.05634674119452635,0.27132564410567284,-1.7763669569459226,-1.0,-12.470500382420136,132192,0,-12.470500382420136,1.0
459,-11.88633562213748,45.91784577899509,45.91785428259108,-46.375971979565094,0.05640777761194234,0.27055357914004063,-1.7759425876041253,-1.0,-12.319813304330365,132480,0,-12.319813304330365,1.0
460,-11.749238451010916,45.77662111653222,45.7765933142768,-46.23343182934655,0.05904454099557673,0.2697837081634336,-1.7751996140513155,-1.0,-14.455348295248264,132768,1,-12.319813304330365,1.0
461,-12.561032887822655,45.62796110577054,45.628011186917625,-46.08176336023543,0.06108379768880291,0.2690160334524181,-1.7762016695406702,-1.0,-14.850114741115675,133056,2,-12.319813304330365,1.0
462,-11.998564184468067,45.49648825327555,45.49649178981781,-45.95127034187317,0.059024407217899956,0.26825054124411607,-1.7772159584694438,-1.0,-16.869514565251393,133344,3,-12.319813304330365,1.0
463,-11.141018363736478,45.342612425486244,45.3425560924742,-45.79435686270396,0.061285385195838496,0.26748722398446667,-1.7759712003171444,-1.0,-14.572680720649032,133632,4,-12.319813304330365,1.0
464,-12.208941509135588,45.18359433280097,45.18362822797563,-45.634507616360985,0.059632099375853106,0.26672608664052355,-1.776260483182139,-1.0,-16.418016259351027,133920,5,-12.319813304330365,1.0
465,-13.002931727936385,45.02439922756619,45.02434288130866,-45.47507796022627,0.058339519613784634,0.26596712186518645,-1.7761601064768102,-1.0,-12.748450448573797,134208,6,-12.319813304330365,1.0
466,-12.552423097722345,44.898835407363045,44.89894553025564,-45.34707060125139,0.05804250477295783,0.26521030430578524,-1.7772956151101325,-1.0,-15.789828678187652,134496,7,-12.319813304330365,1.0
467,-10.412910172998139,44.756942457622955,44.75690695974562,-45.20434159702725,0.05696488730609417,0.26445563561800456,-1.7770439311861992,-1.0,-14.370196987037792,134784,8,-12.319813304330365,1.0
468,-11.727299188483961,44.561997678544785,44.56192982196808,-45.005857507387795,0.060068551826083824,0.26370312294198406,-1.776356003764603,-1.0,-13.80162384120591,135072,9,-12.319813304330365,1.0
469,-11.028365858101973,44.45896462599436,44.45902758174472,-44.90357906288571,0.05488495284225792,0.26295274609906805,-1.7764499481353495,-1.0,-13.712601765969772,135360,10,-12.319813304330365,1.0
470,-12.773497295497517,44.301511592335174,44.3015593820148,-44.74429266982608,0.05367008514521229,0.2622045066414608,-1.7756384776698217,-1.0,-14.387507046627737,135648,11,-12.319813304330365,1.0
471,-11.344374680615303,44.19541186756558,44.19531340069241,-44.6370839410358,0.057195321605023414,0.2614584036378397,-1.7757960735923715,-1.0,-12.45390980470887,135936,12,-12.319813304330365,1.0
472,-13.201349649076889,44.027408983972336,44.02739437421163,-44.46749088499281,0.05532154686645501,0.2607144174269504,-1.7760052221516769,-1.0,-12.505916021521124,136224,13,-12.319813304330365,1.0
473,-11.440630789766576,43.90789818763733,43.90802572833167,-44.34674252404107,0.05314421157042185,0.2599725452148252,-1.776578268657128,-1.0,-11.935826291601353,136512,0,-11.935826291601353,1.0
474,-13.844898238498994,43.73002894719442,43.72988979021708,-44.166756576961944,0.055715159590666495,0.25923278162048924,-1.7767517405251663,-1.0,-12.36944948421251,136800,1,-11.935826291601353,1.0
475,-11.126834868058578,43.59303107526567,43.59306025505066,-44.03016719553206,0.05444875008348996,0.25849512840310734,-1.776424424101909,-1.0,-11.226133805375587,137088,0,-11.226133805375587,1.0
476,-15.291252155031328,43.43230312400394,43.43234097957611,-43.86746447616153,0.052888184035610825,0.25775958266523147,-1.777176449282302,-1.0,-13.597927171006063,137376,1,-11.226133805375587,1.0
477,-13.362670469951464,43.326498084598114,43.326595067977905,-43.76031614674462,0.05381507864998033,0.2570261199855142,-1.7753929388191965,-1.0,-14.757411156023936,137664,2,-11.226133805375587,1.0
478,-13.447057705475496,43.19085619184706,43.19074518150754,-43.62395099798838,0.05307571800141078,0.2562947455379698,-1.7773537875877485,-1.0,-12.910839369282684,137952,3,-11.226133805375587,1.0
479,-12.260339273794676,43.02764982647366,43.02771317958832,-43.45946862962511,0.0547940426816543,0.2555654575634334,-1.7747396557695336,-1.0,-12.2576178540158,138240,4,-11.226133805375587,1.0
480,-11.0815597482832,42.888948387569855,42.888830476337006,-43.319307247797646,0.051045180576491274,0.2548382372284929,-1.7755466910700004,-1.0,-12.6086934715119,138528,5,-11.226133805375587,1.0
481,-13.773292386560627,42.741674184799194,42.74171863661872,-43.17096895641751,0.05468806046216438,0.25411308215310174,-1.7754982829921775,-1.0,-12.865662163794768,138816,6,-11.226133805375587,1.0
482,-13.90842516005034,42.59582659933302,42.59593542416891,-43.02322200934092,0.05303206669891046,0.25338999388946426,-1.776205831931697,-1.0,-14.706111802700642,139104,7,-11.226133805375587,1.0
483,-13.11093916758284,42.45686364173889,42.456748485565186,-42.881619069311355,0.05471606002215089,0.2526689761628707,-1.7752674130929842,-1.0,-13.225644378300865,139392,8,-11.226133805375587,1.0
484,-12.132358534829153,42.30420966943105,42.30419739087423,-42.72808106740316,0.05518913825896258,0.2519500105538302,-1.7742851115763187,-1.0,-12.347184711991487,139680,9,-11.226133805375587,1.0
485,-12.57713118095862,42.150990671581695,42.151005917125275,-42.57478683524661,0.05317910739945041,0.2512330778150095,-1.7752984368966684,-1.0,-14.314942717545328,139968,10,-11.226133805375587,1.0
486,-16.0181989332872,42.015151619911194,42.01515090465546,-42.43756955199771,0.053004845685791224,0.2505181847761075,-1.7750935757325754,-1.0,-12.456730943303482,140256,11,-11.226133805375587,1.0
487,-13.399192949744508,41.88007773293389,41.87995162275102,-42.30017737547556,0.05213348824893021,0.24980533324802914,-1.7761555119521089,-1.0,-12.274438040151244,140544,12,-11.226133805375587,1.0
488,-11.666060997412867,41.74784902731577,41.747983084784615,-42.16686859395769,0.051841452594898224,0.24909450522520477,-1.7754999837941594,-1.0,-13.868038447934808,140832,13,-11.226133805375587,1.0
489,-13.439047850616477,41.62773308489058,41.62775471475389,-42.04629859659407,0.051814504672721445,0.24838569884498915,-1.775442835357454,-1.0,-12.076726424396481,141120,14,-11.226133805375587,1.0
490,-12.202313882895288,41.46656555599637,41.466595662964714,-41.884454899364044,0.05277086454184933,0.24767891312431958,-1.7755524660978053,-1.0,-12.284128981956556,141408,15,-11.226133805375587,1.0
491,-14.459411960774867,41.34724052747091,41.34717537297143,-41.7641614013248,0.05113688487714777,0.2469741379738682,-1.7757871775991387,-1.0,-13.320521409980024,141696,16,-11.226133805375587,1.0
492,-13.017601988943008,41.1863081852595,41.186386267344155,-41.601408415370514,0.05180463684438211,0.24627136625349522,-1.7761774481170707,-1.0,-11.720151752678474,141984,17,-11.226133805375587,1.0
493,-11.204565458091393,41.034749733077156,41.03466945224338,-41.449022160636055,0.051202066656616,0.24557059315136737,-1.7747644657890003,-1.0,-14.935163100526262,142272,18,-11.226133805375587,1.0
494,-15.325419661708759,40.940081556638084,40.94011200798882,-41.35365617275238,0.051907930930610746,0.24487181928836638,-1.7767938218182988,-1.0,-12.415295426952612,142560,19,-11.226133805375587,1.0
495,-12.188420929786632,40.78591230180528,40.7858690155877,-41.19737260871463,0.050500489926586546,0.2441750306946536,-1.7760533380011718,-1.0,-12.782044143203706,142848,20,-11.226133805375587,1.0
496,-13.41679375069665,40.627987729178535,40.627932005458405,-41.0388191541036,0.05169648146127454,0.24348022328275773,-1.7756121733950243,-1.0,-11.94044941453276,143136,21,-11.226133805375587,1.0
497,-14.729361412130899,40.51346235805087,40.51355053318871,-40.923593640327454,0.04914712284355321,0.24278739436219135,-1.7743615404599242,-1.0,-12.174070086515869,143424,22,-11.226133805375587,1.0
498,-12.387203295902186,40.36757626798418,40.36752510070801,-40.77563105689155,0.049368122527893216,0.24209654134594732,-1.7756064993639786,-1.0,-12.208334288835403,143712,23,-11.226133805375587,1.0
499,-11.561751452500792,40.2234335343043,40.22341805034213,-40.63053120507134,0.049490133507384196,0.2414076532651153,-1.775720936142736,-1.0,-12.283246615239372,144000,24,-11.226133805375587,1.0
500,-13.933447108611608,40.08550318082174,40.08552724785275,-40.491486801041496,0.05163101839651871,0.24072072313477597,-1.7754132453766134,-1.0,-12.433733804931423,144288,25,-11.226133805375587,1.0
501,-12.529005884437872,39.96887123584747,39.96883838706546,-40.373468769921196,0.049999645283807896,0.24003574531525373,-1.7758257533941004,-1.0,-11.724093410638645,144576,26,-11.226133805375587,1.0
502,-12.518463044330291,39.81145011054145,39.81150323814816,-40.21503766377767,0.04751479416154325,0.23935271830608448,-1.775251963486274,-1.0,-13.146424906058309,144864,27,-11.226133805375587,1.0
503,-13.470853216478535,39.68607497215271,39.68606197834015,-40.08861634466383,0.04853385567872061,0.23867163305274314,-1.7748222996791203,-1.0,-12.396391904433699,145152,28,-11.226133805375587,1.0
504,-11.854717457167395,39.601867861217926,39.60178408357832,-40.003808326191375,0.04832572637436291,0.23799248370859358,-1.7753473185002804,-1.0,-12.512412632362617,145440,29,-11.226133805375587,1.0
505,-12.530122650637448,39.43632263607449,39.436322278446625,-39.83660074075063,0.04883154824427846,0.2373152699114548,-1.775706097897556,-1.0,-12.662693213645532,145728,30,-11.226133805375587,1.0
506,-11.94329643223274,39.30447651280297,39.304506328370834,-39.70413033167521,0.048131570815005235,0.23663998565947017,-1.774541245566474,-1.0,-11.533521566466119,146016,31,-11.226133805375587,1.0
507,-11.383563004857717,39.15549719333649,39.15547808011373,-39.55216287242042,0.049943088198132396,0.23596662748605013,-1.7747177800370588,-1.0,-11.244177504049722,146304,32,-11.226133805375587,1.0
508,-10.536508330151575,39.02203831407759,39.021989080641006,-39.418548080656265,0.04810794015389143,0.23529517935175034,-1.7752204773326714,-1.0,-11.642319424754403,146592,33,-11.226133805375587,1.0
509,-11.088759441898524,38.91687303119235,38.91681502925025,-39.31107456154294,0.04836483301025712,0.2346256392904454,-1.7754650732709303,-1.0,-11.53470453599955,146880,34,-11.226133805375587,1.0
510,-12.594444667181966,38.75922306378683,38.75934027300941,-39.15286011166043,0.04886308305301807,0.23395800202464065,-1.775421828445461,-1.0,-11.313024613389942,147168,35,-11.226133805375587,1.0
511,-13.398460833356758,38.64473923047384,38.64474172062344,-39.03636233011881,0.047624129058224045,0.233292270400044,-1.7753235114117463,-1.0,-13.615739785027111,147456,36,-11.226133805375587,1.0
512,-13.517950645202722,38.49552828735776,38.49553297625648,-38.887199587292145,0.04834405736376842,0.2326284309124781,-1.7747385659151607,-1.0,-12.735044081486507,147744,37,-11.226133805375587,1.0
513,-12.737212654732458,38.37374112341139,38.37370930777656,-38.7635512749354,0.04761456765441431,0.23196648351020283,-1.7748124127586682,-1.0,-12.025621809446482,148032,38,-11.226133805375587,1.0
514,-13.016816644315139,38.27728776137034,38.277303801642525,-38.66697257094913,0.047044219345682196,0.231306418362591,-1.7745309765968058,-1.0,-11.470643166613558,148320,39,-11.226133805375587,1.0
515,-14.959042281240428,38.11337979634603,38.1133820215861,-38.501909017562866,0.04782047455147323,0.23064822760514087,-1.7742904271516535,-1.0,-11.355559801853085,148608,40,-11.226133805375587,1.0
516,-10.868718475694505,37.98551689253913,37.9854885869556,-38.37289830048879,0.04520745132403034,0.22999191242787573,-1.7744517214596272,-1.0,-11.999121093839234,148896,41,-11.226133805375587,1.0
517,-12.595171034749434,37.87157401773665,37.871572732925415,-38.25718790955014,0.04626041369435067,0.22933746807070243,-1.7749941936797566,-1.0,-11.198475286597962,149184,0,-11.198475286597962,1.0
518,-12.307656673562338,37.72257547908359,37.722609228558014,-38.105415013101364,0.04639689963854229,0.22868488501343462,-1.7758886930015352,-1.0,-11.22516750933075,149472,1,-11.198475286597962,1.0
519,-12.223580567256882,37.61266337500678,37.61270136303372,-37.99584837754568,0.04534259168172462,0.22803415880642003,-1.7745627268320985,-1.0,-11.725744375920613,149760,2,-11.198475286597962,1.0
520,-12.10098132496146,37.47936228911082,37.479232086075676,-37.8618413872189,0.0447141880932678,0.22738528163689706,-1.7747520493964355,-1.0,-11.279339530507196,150048,3,-11.198475286597962,1.0
521,-12.956205845257095,37.35711994436052,37.357183522648285,-37.739821049902176,0.04413161117635253,0.22673824926217398,-1.775008654428853,-1.0,-11.134272484357131,150336,0,-11.134272484357131,1.0
522,-10.60783491694819,37.2457746134864,37.24584404627482,-37.6268078883489,0.0428652023547329,0.22609306163051063,-1.7758155369924173,-1.0,-11.365574286885215,150624,1,-11.134272484357131,1.0
523,-13.06604744845211,37.107072710990906,37.10699784755707,-37.48606627517276,0.04265428010451918,0.22544970761777627,-1.7738223775393434,-1.0,-11.165480030104618,150912,2,-11.134272484357131,1.0
524,-11.366982836206947,36.958463893996345,36.95838966634538,-37.334169056680466,0.04345575002177308,0.22480818463696373,-1.774349384009838,-1.0,-11.031819441597753,151200,0,-11.031819441597753,1.0
525,-15.297424913329019,36.83487992816501,36.834870629840424,-37.211812840567696,0.041887365100491375,0.22416848942844403,-1.7751349603964224,-1.0,-11.094076540434548,151488,1,-11.031819441597753,1.0
526,-12.67362725450706,36.744723942544724,36.74482674068875,-37.12164999379052,0.04063166361043437,0.22353061707690358,-1.7739540938701894,-1.0,-11.224016685117412,151776,2,-11.031819441597753,1.0
527,-13.000749380137155,36.60787910885281,36.60791263315413,-36.9818865193261,0.04035691562522617,0.2228945554751489,-1.7752268931104078,-1.0,-11.15833897173743,152064,3,-11.031819441597753,1.0
528,-12.683441898903103,36.51116188367208,36.511091232299805,-36.88548551665412,0.039506303819103375,0.22226030343315667,-1.7737315032217238,-1.0,-11.332324099309966,152352,4,-11.031819441597753,1.0
529,-10.584118384040817,36.40265287293328,36.40264520380232,-36.775879899660744,0.04098699915791965,0.2216278500854969,-1.7745699373384316,-1.0,-10.8751210348956,152640,0,-10.8751210348956,1.0
530,-11.256161065992766,36.23414433002472,36.23417892720964,-36.60491014851464,0.03964521790880503,0.22099720169272688,-1.7739356259504955,-1.0,-11.204166007856278,152928,1,-10.8751210348956,1.0
531,-11.166374078294819,36.154977122942604,36.15485129091475,-36.526247488127815,0.038475977826035686,0.22036834909684128,-1.7743155339525805,-1.0,-10.840886036902704,153216,0,-10.840886036902704,1.0
532,-10.160759290899017,36.00218806001875,36.0022758907742,-36.37299235661825,0.039913431210960776,0.2197412906938957,-1.7744724473191633,-1.0,-11.33615239157779,153504,1,-10.840886036902704,1.0
533,-10.721215067179763,35.92843104733361,35.92840354972415,-36.29633216063181,0.03961695317411795,0.2191160141179959,-1.7741055467890368,-1.0,-11.368660840840485,153792,2,-10.840886036902704,1.0
534,-12.241926114723084,35.78091107474433,35.780941896968415,-36.14849317073822,0.03889999885965759,0.2184925169373552,-1.7745710127055645,-1.0,-10.831443079961105,154080,0,-10.831443079961105,1.0
535,-12.440767074975831,35.66558453771803,35.66563215520647,-36.032632456885445,0.03710803476860747,0.21787078994222814,-1.7731772520475917,-1.0,-11.548195007962718,154368,1,-10.831443079961105,1.0
536,-11.572187008156769,35.55994333161248,35.559805472691856,-35.92621143658956,0.03661344955778784,0.21725083261521327,-1.7744940511054463,-1.0,-12.104495980254768,154656,2,-10.831443079961105,1.0
537,-11.522177909307477,35.43404486444261,35.434143132633636,-35.79791124661764,0.03861458278778526,0.21663264190364215,-1.775194411062532,-1.0,-11.511683859024622,154944,3,-10.831443079961105,1.0
538,-12.354340630886016,35.333209143744575,35.333179553349815,-35.695482651392616,0.03678961085905838,0.21601620808036792,-1.7742110780543752,-1.0,-11.446184773503157,155232,4,-10.831443079961105,1.0
539,-12.408260925137819,35.1960760222541,35.19599896007114,-35.55835469563802,0.0347773006457525,0.21540152597137624,-1.7743635289371014,-1.0,-11.131816254651348,155520,5,-10.831443079961105,1.0
540,-11.748877907092485,35.099673522843254,35.099674701690674,-35.46128814750247,0.03568007218159942,0.21478859599058828,-1.7744070643352137,-1.0,-10.729670111572473,155808,0,-10.729670111572473,1.0
541,-11.724673680625685,34.97773374451531,34.9777477449841,-35.33834661377801,0.034730929603231035,0.21417741022176212,-1.7743650794857078,-1.0,-10.964154332236712,156096,1,-10.729670111572473,1.0
542,-12.092174458521894,34.86992010805342,34.869956228468155,-35.22950944635603,0.033742364204954356,0.2135679602312545,-1.7733749618960752,-1.0,-11.420531571273523,156384,2,-10.729670111572473,1.0
543,-10.433727089755665,34.782300723923576,34.782267133394875,-35.141348799069725,0.03188111578088461,0.21296024477730194,-1.7742392474578486,-1.0,-11.4187906671555,156672,3,-10.729670111572473,1.0
544,-13.134394114231727,34.65324960814582,34.65328511926863,-35.01116740703583,0.030980489055056952,0.21235426116941702,-1.7740829098555777,-1.0,-11.033433498058018,156960,4,-10.729670111572473,1.0
545,-12.184155358567754,34.53057210975223,34.530521949132286,-34.88653474383884,0.032860511907428086,0.21175000118091702,-1.7738449362417061,-1.0,-11.550214662589704,157248,5,-10.729670111572473,1.0
546,-12.67001957444299,34.4404573837916,34.440491888258194,-34.795360035366485,0.03156566116053404,0.21114745880994532,-1.7732748687267303,-1.0,-10.942138276596703,157536,6,-10.729670111572473,1.0
547,-12.148133332484496,34.311212380727135,34.31121435430315,-34.66530958811442,0.030510436931055866,0.21054663586740693,-1.7732842730151281,-1.0,-10.989336302721858,157824,7,-10.729670111572473,1.0
548,-13.396003586683227,34.230948554144966,34.23098063468933,-34.58368215296004,0.031849227852136314,0.20994751952174637,-1.7729604844417837,-1.0,-11.334719924722727,158112,8,-10.729670111572473,1.0
549,-11.113588241955703,34.11660355991788,34.116532365481056,-34.466239028506806,0.03380002644068251,0.20935011111820737,-1.7722647210790052,-1.0,-11.333014253361341,158400,9,-10.729670111572473,1.0
550,-13.072591573527873,33.998777045143974,33.998803271187676,-34.349186327722336,0.032075157369642206,0.20875439829089576,-1.774136523405711,-1.0,-11.155800716808303,158688,10,-10.729670111572473,1.0
551,-11.708100929411716,33.9164807928933,33.916454090012444,-34.26665068997277,0.03377547309113046,0.20816038150547278,-1.7739147014088101,-1.0,-11.405258763030337,158976,11,-10.729670111572473,1.0
552,-11.575380042079713,33.78171792295244,33.78161715136634,-34.1285517613093,0.036365191187036947,0.20756806096889907,-1.772995418144597,-1.0,-11.438681862222614,159264,12,-10.729670111572473,1.0
553,-11.365608119425223,33.68012081252204,33.68025317456987,-34.02635166380141,0.03703940863488242,0.20697742224567467,-1.7737660805384319,-1.0,-11.193021776668134,159552,13,-10.729670111572473,1.0
554,-12.479677977716197,33.58529116047753,33.585336883862816,-33.9312869310379,0.037828692985284657,0.2063884606791867,-1.773701424813933,-1.0,-11.259960704575214,159840,14,-10.729670111572473,1.0
555,-10.700564978120376,33.467072592841255,33.46699406041039,-33.8112059964074,0.039105657300549664,0.2058011780286001,-1.7735582499040499,-1.0,-11.242230136028871,160128,15,-10.729670111572473,1.0
556,-13.276975125526258,33.373728209071686,33.37377309799194,-33.717605736520554,0.03763066760600648,0.20521556761943632,-1.7733859428101115,-1.0,-11.086869829251976,160416,16,-10.729670111572473,1.0
557,-12.244021316982769,33.25087465180291,33.250813219282364,-33.5922538306978,0.03758830156746424,0.20463161843104494,-1.7725259363651276,-1.0,-10.703277424072894,160704,0,-10.703277424072894,1.0
558,-11.53425889334564,33.117134054501854,33.117057495647,-33.457095278633965,0.04244313626420788,0.20404933232607114,-1.7725731093022559,-1.0,-10.54392046880318,160992,0,-10.54392046880318,1.0
559,-12.32365134799323,32.99794974591997,32.99798720412784,-33.33804522620307,0.05078668884622554,0.20346871039105785,-1.773066193693214,-1.0,-11.11419212713765,161280,1,-10.54392046880318,1.0
560,-13.077235037151777,32.90246444278293,32.90253269672394,-33.242786751853096,0.054122985696368336,0.20288973901834753,-1.772825501859188,-1.0,-11.114448978919375,161568,2,-10.54392046880318,1.0
561,-13.541660849481241,32.80302547083961,32.80302617284987,-33.14097261428833,0.05816247566447904,0.20231240977429682,-1.7723677758541372,-1.0,-11.938913436588008,161856,3,-10.54392046880318,1.0
562,-11.071764936922618,32.6726540989346,32.672654416826035,-33.00875605477227,0.05679333376853416,0.20173672188280356,-1.7719572343760066,-1.0,-10.913808125461676,162144,4,-10.54392046880318,1.0
563,-13.115641877566418,32.57196691301134,32.571867982546486,-32.908279021581016,0.0584346137345872,0.20116267720651296,-1.7729629336131945,-1.0,-11.409058639360815,162432,5,-10.54392046880318,1.0
564,-10.811764107798716,32.43267535501056,32.43279827303357,-32.76807624763913,0.057024575821641416,0.20059026736352178,-1.7721961906386747,-1.0,-10.848124413613263,162720,6,-10.54392046880318,1.0
565,-12.860202746470105,32.2887408402231,32.28876203298569,-32.62269837326474,0.05824940277185912,0.20001948195406133,-1.7714213103883796,-1.0,-10.746191049497108,163008,7,-10.54392046880318,1.0
566,-13.175704065199586,32.18964936335882,32.18967115879059,-32.52394172218111,0.05567398113069228,0.1994503195811477,-1.7737880415386624,-1.0,-10.955117563481314,163296,8,-10.54392046880318,1.0
567,-12.62999575339569,32.097205248143936,32.09709944989946,-32.43013030952878,0.05345594459989419,0.1988827783303956,-1.7723463144567277,-1.0,-10.624845648317894,163584,9,-10.54392046880318,1.0
568,-11.755609798960059,31.97879308462143,31.978882312774658,-32.311551789442696,0.04975646122410479,0.1983168556665381,-1.773056944211324,-1.0,-10.487972585012292,163872,0,-10.487972585012292,1.0
569,-12.109342179921713,31.87019982602861,31.870179679658676,-32.20171341631148,0.05053279863204807,0.19775253999978304,-1.7720366319020588,-1.0,-10.875382487291638,164160,1,-10.487972585012292,1.0
570,-11.368066382432078,31.72583071390788,31.72580924961302,-32.05656780136956,0.049401533557102084,0.1971898314336108,-1.7727769302825134,-1.0,-10.661017288667436,164448,2,-10.487972585012292,1.0
571,-11.010306909006777,31.643924117088318,31.64393476645152,-31.97397894329495,0.048433639775289014,0.19662872163785827,-1.77276145418485,-1.0,-10.633808834483492,164736,3,-10.487972585012292,1.0
572,-12.669918629283236,31.534489101833767,31.534500810835098,-31.862889170646667,0.044123785602601454,0.1960692057489521,-1.7716070860624313,-1.0,-10.56461939678307,165024,4,-10.487972585012292,1.0
573,-11.29719986632989,31.401621719201405,31.401602314578163,-31.729481405682034,0.03921218051497514,0.19551128371515208,-1.7723208003573947,-1.0,-10.872673440288219,165312,5,-10.487972585012292,1.0
574,-13.035709799156452,31.3063242899047,31.306379384464687,-31.63353783554501,0.03513937482946656,0.19495495786476466,-1.7717858047948942,-1.0,-10.533718502761738,165600,6,-10.487972585012292,1.0
575,-12.321979472387033,31.20511234468884,31.204994989766014,-31.5322744846344,0.03396304211087732,0.19440021350358924,-1.771328395439519,-1.0,-10.439896356862342,165888,0,-10.439896356862342,1.0
576,-12.2916918367508,31.10087122519811,31.100899014208053,-31.426617801189423,0.03249126851894996,0.19384704059403804,-1.770630961491002,-1.0,-10.421312028014588,166176,0,-10.421312028014588,1.0
577,-11.769533659917142,31.00710012515386,31.007137219111126,-31.331584533055622,0.03336335364211765,0.19329544151615766,-1.7720654039747186,-1.0,-10.49863929891889,166464,1,-10.421312028014588,1.0
578,-11.44108369646184,30.91073117653529,30.910637670093113,-31.23498684167862,0.03242683957149792,0.19274541528688538,-1.7711196376217737,-1.0,-10.371583822930345,166752,0,-10.371583822930345,1.0
579,-13.36831294970517,30.78696126408047,30.787004046969944,-31.109948833783466,0.03043479325586102,0.1921969583361513,-1.7715253858930535,-1.0,-10.870735017372958,167040,1,-10.371583822930345,1.0
580,-13.401950022247282,30.72682724396388,30.726834767394596,-31.048983666631912,0.030584418906881992,0.19165005741847885,-1.7709631845355034,-1.0,-10.343958255610339,167328,0,-10.343958255610339,1.0
581,-9.841547319817778,30.622139387660557,30.62215580542882,-30.94341183371014,0.02887947965387462,0.19110471025730172,-1.7709122175971668,-1.0,-10.621230586007513,167616,1,-10.343958255610339,1.0
582,-10.483776568778874,30.504381173186832,30.50436551703347,-30.82537681526608,0.02949159096331439,0.19056091809438336,-1.7712525472872787,-1.0,-10.83612024011122,167904,2,-10.343958255610339,1.0
583,-12.00678861111168,30.415238976478577,30.415186047554016,-30.73403678337733,0.028820151191515226,0.19001867120257682,-1.7721049955321684,-1.0,-10.742130519152994,168192,3,-10.343958255610339,1.0
584,-12.569378234001995,30.343075924449497,30.343170709080166,-30.661951071686214,0.028085489039464544,0.18947796678791443,-1.7716925760938063,-1.0,-10.689703176682114,168480,4,-10.343958255610339,1.0
585,-12.51103543937032,30.255934092733597,30.255901330047184,-30.573870155546402,0.02711508843478643,0.18893880485039619,-1.7709879320528772,-1.0,-10.708828878286825,168768,5,-10.343958255610339,1.0
586,-13.643276279807159,30.140024350749123,30.140112691455418,-30.456673443317413,0.02794049498819125,0.1884011765424576,-1.7710533001356654,-1.0,-10.632893731362138,169056,6,-10.343958255610339,1.0
587,-13.034375865123373,30.046164207988316,30.046060019069248,-30.36122495598263,0.02871195629187342,0.18786507555180126,-1.7714676335453987,-1.0,-10.867416640125853,169344,7,-10.343958255610339,1.0
588,-12.534048279264066,29.974011215898727,29.97405807177226,-30.288175245126087,0.02946432354575437,0.18733049923967984,-1.7702414616942406,-1.0,-10.842701933722035,169632,8,-10.343958255610339,1.0
589,-11.300129936986425,29.845675283008152,29.84565059343974,-30.15982786152098,0.028195544838025752,0.18679744714043206,-1.771362938814693,-1.0,-10.559765083982557,169920,9,-10.343958255610339,1.0
590,-10.700393518201876,29.773403187592823,29.773390458689796,-30.085244609249962,0.02671241855326419,0.1862659124760992,-1.7711528742478952,-1.0,-10.633814723801043,170208,10,-10.343958255610339,1.0
591,-10.701387361272358,29.691349817646874,29.691345274448395,-30.0033961335818,0.026623341351902734,0.18573588872742322,-1.7704958336220846,-1.0,-10.07810427643115,170496,0,-10.07810427643115,1.0
592,-11.5546282917395,29.589447233412002,29.589473048845928,-29.899962001376682,0.028096060165100627,0.1852073709273504,-1.77042157906625,-1.0,-10.479177445229082,170784,1,-10.07810427643115,1.0
593,-13.800540559261274,29.514617370234596,29.514607422881657,-29.825648645559948,0.026179971791053604,0.18468035959328213,-1.770443985859553,-1.0,-10.459447811853982,171072,2,-10.07810427643115,1.0
594,-12.54590005760665,29.41439633899265,29.41443481047948,-29.72283493147956,0.027640875707018293,0.1841548529660536,-1.770093993180328,-1.0,-10.234831921602852,171360,3,-10.07810427643115,1.0
595,-10.619346261941745,29.34933429956436,29.34934351179335,-29.656853715578716,0.027130673568333603,0.18363083629972404,-1.7708649308317237,-1.0,-10.379309630744595,171648,4,-10.07810427643115,1.0
596,-12.215878814538772,29.22226690583759,29.22217747237947,-29.52845248248842,0.0293915238774692,0.18310830711076656,-1.7693117989434137,-1.0,-10.805501347967807,171936,5,-10.07810427643115,1.0
597,-11.346986609870937,29.156106438901688,29.156125432915157,-29.460371772448223,0.030294742377009243,0.18258726607180303,-1.7705409431623087,-1.0,-10.25612069497445,172224,6,-10.07810427643115,1.0
598,-12.059344937009909,29.052084810203976,29.052130454116398,-29.355013324154747,0.03167365757205213,0.18206771209629047,-1.7700160808033414,-1.0,-10.808150265701832,172512,7,-10.07810427643115,1.0
599,-12.757935820104171,28.93954438633389,28.939495881398518,-29.2402573161655,0.03414341496924559,0.18154963349095649,-1.7689712742964427,-1.0,-10.51171868157351,172800,8,-10.07810427643115,1.0
600,-12.582389987665108,28.856617556677925,28.856483750873142,-29.15584577454461,0.03355850219830043,0.1810330306697223,-1.7706301034324698,-1.0,-10.165546630144197,173088,9,-10.07810427643115,1.0
601,-11.634558481754453,28.76500356859631,28.76491767168045,-29.06319311592314,0.03372235242406734,0.18051789757899112,-1.7694464011324778,-1.0,-10.112133949322754,173376,10,-10.07810427643115,1.0
602,-12.446238617520565,28.662874619166057,28.663023187054527,-28.96078759431839,0.03360505262389779,0.1800042352018257,-1.7692978982296255,-1.0,-10.651550040447452,173664,11,-10.07810427643115,1.0
603,-13.277374877086915,28.594014366467793,28.59398795498742,-28.891113367345596,0.033229421390893146,0.17949202925794655,-1.7690342623326514,-1.0,-10.792533761775514,173952,12,-10.07810427643115,1.0
604,-12.440202372121709,28.468728058867985,28.46878033876419,-28.766901274522144,0.032369305670727044,0.17898127788470852,-1.769331406801939,-1.0,-10.41928716618447,174240,13,-10.07810427643115,1.0
605,-12.24703124565277,28.38761399851905,28.387574202484554,-28.68505420949724,0.032285520942726485,0.17847198242735532,-1.7689846033851306,-1.0,-10.57404982081019,174528,14,-10.07810427643115,1.0
606,-13.279127387151508,28.3112269838651,28.31129992670483,-28.606739911768173,0.033466159055630364,0.17796413579748738,-1.7688606062697039,-1.0,-10.216062029258689,174816,15,-10.07810427643115,1.0
607,-12.009679022625535,28.204528623157078,28.20460354619556,-28.498739891582066,0.037830035325088024,0.1774577313206262,-1.7685193771289454,-1.0,-10.52877365307085,175104,16,-10.07810427643115,1.0
608,-10.878796414778705,28.11296479569541,28.11299004157384,-28.40552388297187,0.04193518445956417,0.1769527695659134,-1.768126053114732,-1.0,-10.281220608476751,175392,17,-10.07810427643115,1.0
609,-13.582111736142505,28.012276629606884,28.012284722593094,-28.30518528487947,0.04095672298636702,0.176449251619892,-1.7677947758800454,-1.0,-10.28898949058972,175680,18,-10.07810427643115,1.0
610,-14.284462256674514,27.902871476279365,27.902775757842594,-28.195092419783276,0.040472443416042045,0.17594716227095988,-1.7685637287795544,-1.0,-10.043886390895727,175968,0,-10.043886390895727,1.0
611,-10.658779833775338,27.812576572100323,27.812560452355278,-28.105766654014587,0.040129518589108355,0.1754464991390705,-1.7674218122329977,-1.0,-10.596052121368702,176256,1,-10.043886390895727,1.0
612,-10.227750732747142,27.754137807422214,27.75413250260883,-28.045784678724075,0.038158416418203465,0.17494725937851602,-1.7673794300191932,-1.0,-9.84418214501072,176544,0,-9.84418214501072,1.0
613,-11.358335164970248,27.64024981525209,27.64033494393031,-27.931900024414062,0.03693577627159862,0.17444944045402938,-1.7676788920329676,-1.0,-9.781796946982903,176832,0,-9.781796946982903,1.0
614,-10.10680679281579,27.53550315565533,27.53551173210144,-27.825621790356106,0.03716423923874067,0.1739530398303436,-1.766646987448136,-1.0,-10.447912684454359,177120,1,-9.781796946982903,1.0
615,-10.080544401746787,27.45623760090934,27.456183645460342,-27.746425092220306,0.035387337363014616,0.17345805497219166,-1.7672067768871784,-1.0,-10.08318092018153,177408,2,-9.781796946982903,1.0
616,-11.503601480477894,27.34200057718489,27.34196608596378,-27.631840851571823,0.035226487502869636,0.17296448008467755,-1.7653392089737787,-1.0,-10.252728979036203,177696,3,-9.781796946982903,1.0
617,-12.359789867883487,27.274793757332695,27.274853222899967,-27.563238276375664,0.03447048691385943,0.17247230683763823,-1.7664301118089094,-1.0,-10.423633402209415,177984,4,-9.781796946982903,1.0
618,-10.773353652343648,27.175814343823326,27.175788965490128,-27.46410912937588,0.03408062026008136,0.17198153036750025,-1.7666066996753216,-1.0,-10.362059483072501,178272,5,-9.781796946982903,1.0
619,-12.010721419012638,27.07664569881227,27.076685812738205,-27.363611194822525,0.034489669740044825,0.17149215129514536,-1.7660099201732211,-1.0,-10.062215618956701,178560,6,-9.781796946982903,1.0
620,-13.52652134624137,26.967799206574757,26.96790311071608,-27.255150033368004,0.03267506367087157,0.17100416998275453,-1.766917193101512,-1.0,-10.252672134420555,178848,7,-9.781796946982903,1.0
621,-11.92850554657225,26.873650815751816,26.873497704664867,-27.15908698240916,0.030586647684685886,0.17051757401269343,-1.7656555275122325,-1.0,-10.104958235586528,179136,8,-9.781796946982903,1.0
622,-13.849870504263803,26.808503992027706,26.808558106422424,-27.094148967001175,0.030335015727258805,0.1700323599183725,-1.7666269230345886,-1.0,-10.418963643274148,179424,9,-9.781796946982903,1.0
623,-12.802511804455698,26.723755008644527,26.723822527461582,-27.00812605354521,0.02874343796995365,0.16954852785501215,-1.765873949146933,-1.0,-10.281212169634308,179712,10,-9.781796946982903,1.0
624,-12.008013256321659,26.629987590842777,26.629954245355393,-26.9140657848782,0.028192488845282544,0.1690660777191321,-1.7643961728447013,-1.0,-9.896622994116278,180000,11,-9.781796946982903,1.0
625,-11.957040540613466,26.548041462898254,26.548037780655754,-26.831416851944393,0.028540310107119795,0.16858500092186862,-1.764466428508361,-1.0,-9.687844785633185,180288,0,-9.687844785633185,1.0
626,-12.401009566637823,26.442366070217556,26.44230055809021,-26.724594215552013,0.0276200843638637,0.16810528727041352,-1.7645721572140853,-1.0,-9.900044024482566,180576,1,-9.687844785633185,1.0
627,-10.554690443681986,26.35140280591117,26.351428045166863,-26.633016957177055,0.026051391549925838,0.16762693650606605,-1.7635380398068163,-1.0,-10.23352726946994,180864,2,-9.687844785633185,1.0
628,-11.909837878115043,26.283253020710415,26.28325750430425,-26.5644993185997,0.02639858792665311,0.1671499487840467,-1.7642390756971307,-1.0,-9.958243481917975,181152,3,-9.687844785633185,1.0
629,-10.885194291683293,26.20928532547421,26.209282643265194,-26.488571696811253,0.02680277676942448,0.16667432048254543,-1.7641140595078468,-1.0,-10.03511747178565,181440,4,-9.687844785633185,1.0
630,-10.915052228635721,26.091721269819473,26.091756363709766,-26.370789700084263,0.026795336908738438,0.16620004192615548,-1.765198493583335,-1.0,-10.155912802732232,181728,5,-9.687844785633185,1.0
631,-11.463468510900098,26.011406428284115,26.01142316394382,-26.289175702465904,0.02596205033801703,0.16572711616754532,-1.764402090675301,-1.0,-10.499660954568833,182016,6,-9.687844785633185,1.0
632,-11.126734119732646,25.9174951116244,25.917435003651512,-26.19457216395272,0.02590486100072869,0.16525554030926692,-1.7648530511392488,-1.0,-10.204914665750755,182304,7,-9.687844785633185,1.0
633,-11.750085975793914,25.847914629512363,25.84795257780287,-26.12481181489097,0.025398760827051267,0.16478530281326836,-1.7643032148480415,-1.0,-9.784253571936196,182592,8,-9.687844785633185,1.0
634,-12.369102537441256,25.771417789989048,25.771434234248268,-26.047828747166527,0.024484254794919655,0.16431639985077912,-1.7642213677366574,-1.0,-10.008144635694855,182880,9,-9.687844785633185,1.0
635,-12.289047519022562,25.678147262997097,25.678150720066494,-25.953794221083324,0.02480730078726386,0.16384883230138156,-1.7640363201498985,-1.0,-9.509593131951007,183168,0,-9.509593131951007,1.0
636,-10.551981640662609,25.5949724316597,25.594968212975395,-25.870156281524235,0.024321434285310615,0.16338259830243057,-1.7645741547975275,-1.0,-9.82901913174961,183456,1,-9.509593131951007,1.0
637,-12.67758075114454,25.526338775952656,25.52635810772578,-25.799443893962437,0.025317799982278504,0.1629176882819997,-1.763687519563569,-1.0,-10.223476462911114,183744,2,-9.509593131951007,1.0
638,-11.162914358809354,25.43412794669469,25.434045109483932,-25.707023991478813,0.025354228309071105,0.16245410151572692,-1.76559203532007,-1.0,-9.807876278261432,184032,3,-9.509593131951007,1.0
639,-11.571112654696611,25.332666635513306,25.33270576265123,-25.605116811063553,0.02506814605375338,0.1619918363996678,-1.763672274019983,-1.0,-10.105573837236477,184320,4,-9.509593131951007,1.0
640,-10.712255730964893,25.27644948164622,25.276469257142807,-25.547950983047485,0.02466600732683825,0.16153088900157148,-1.7648872464067407,-1.0,-10.196910868077573,184608,5,-9.509593131951007,1.0
641,-14.315742762512121,25.17598689926995,25.17601917187373,-25.447127494547104,0.024302725078693282,0.1610712478351262,-1.7638858084877331,-1.0,-10.07187977731442,184896,6,-9.509593131951007,1.0
642,-12.200759245789232,25.09310671355989,25.093023545212215,-25.36269897222519,0.025584920244808827,0.16061291274511152,-1.7640274899701278,-1.0,-10.183697735569467,185184,7,-9.509593131951007,1.0
643,-12.17298136748268,25.020412776205276,25.02043150530921,-25.290416730774773,0.02519466315667766,0.16015588854336077,-1.7637194117738142,-1.0,-9.767299770852615,185472,8,-9.509593131951007,1.0
644,-11.994482591141281,24.914016518327927,24.9140893485811,-25.181190801991356,0.025191114672149222,0.15970016146699587,-1.7649778123531077,-1.0,-10.121816757339815,185760,9,-9.509593131951007,1.0
645,-10.589487902210106,24.85311797592375,24.85313523477978,-25.120665921105278,0.025030985959650327,0.15924572737680542,-1.7631889337466822,-1.0,-9.995103730638522,186048,10,-9.509593131951007,1.0
646,-11.722867680963487,24.774666991498734,24.774600015746223,-25.04078475634257,0.02608410074026324,0.15879258885979652,-1.7654207237064838,-1.0,-9.848848248322446,186336,11,-9.509593131951007,1.0
647,-10.455553178049014,24.69298741552565,24.693000859684414,-24.957131193743813,0.02538130614104577,0.15834074607118964,-1.7628404117292829,-1.0,-9.97481528909676,186624,12,-9.509593131951007,1.0
648,-11.098398625666935,24.61185026831097,24.61177608039644,-24.87580808666017,0.024695661177651748,0.15789018178151715,-1.7639595046639442,-1.0,-9.956038607505691,186912,13,-9.509593131951007,1.0
649,-11.59765151055646,24.5215326944987,24.521640717983246,-24.78565313418706,0.02438021867742969,0.157440899612589,-1.763223427037398,-1.0,-10.188399144944938,187200,14,-9.509593131951007,1.0
650,-11.930570231971942,24.42885153161155,24.42879244354036,-24.692039529482525,0.02387217954835958,0.15699290111660957,-1.7631009535657034,-1.0,-9.966248136121136,187488,15,-9.509593131951007,1.0
651,-12.879962597837936,24.362810631593067,24.36282370487849,-24.62378199895223,0.024935432955519192,0.15654617428986561,-1.7635722044441435,-1.0,-10.108578527507795,187776,16,-9.509593131951007,1.0
652,-10.910869968147399,24.2694603867001,24.269393238756393,-24.531391196780735,0.023876019498048764,0.15610071468270487,-1.7620017867949274,-1.0,-9.788252184597782,188064,17,-9.509593131951007,1.0
653,-11.867994653337657,24.181775516933865,24.181792908244663,-24.443221926689148,0.02465393976955157,0.15565652472691405,-1.761983813924922,-1.0,-9.724850949322775,188352,18,-9.509593131951007,1.0
654,-12.742709963924087,24.111254976855385,24.11124435398314,-24.372337798277538,0.024237658336965576,0.15521360576773682,-1.7626602637271087,-1.0,-9.894844264114854,188640,19,-9.509593131951007,1.0
655,-11.883858586713693,24.025037116474575,24.025072793165844,-24.285056498315598,0.02475091915564715,0.1547719438870748,-1.761642299592495,-1.0,-9.853744545685336,188928,20,-9.509593131951007,1.0
656,-12.093141831387513,23.956620706452263,23.956621554162766,-24.216431160767872,0.023916988627105538,0.1543315323587093,-1.763600839094983,-1.0,-9.977433746018184,189216,21,-9.509593131951007,1.0
657,-12.78301740081606,23.8651392393642,23.86513817972607,-24.124126255512238,0.02363620329803477,0.15389237801233926,-1.761839110404253,-1.0,-9.740398972362987,189504,22,-9.509593131951007,1.0
658,-12.253702053944798,23.79621907075246,23.796190294954513,-24.053716712527805,0.02260787654732768,0.15345447598439124,-1.7622601596845522,-1.0,-9.828538510499678,189792,23,-9.509593131951007,1.0
659,-10.897913567857213,23.71243523226844,23.712495419714188,-23.97037144502004,0.02313594811453691,0.15301781944516632,-1.7620663502150111,-1.0,-9.483452975976169,190080,0,-9.483452975976169,1.0
660,-12.184017768829737,23.61063293615977,23.610636565420364,-23.86665490600798,0.023707287599487852,0.1525824024962882,-1.7620871029794216,-1.0,-9.621751497482782,190368,1,-9.483452975976169,1.0
661,-10.029555927545244,23.57018698586358,23.5701355404324,-23.82514445649253,0.022997854604101222,0.15214822301641107,-1.7620589310924213,-1.0,-9.593473220419304,190656,2,-9.483452975976169,1.0
662,-10.755717503299211,23.48774477508333,23.48777139849133,-23.742487172285717,0.023177154989550926,0.15171528323036101,-1.7617825555304687,-1.0,-9.80990184678781,190944,3,-9.483452975976169,1.0
663,-11.320748763056852,23.39018663432863,23.390155136585236,-23.644277811050415,0.022776333117184952,0.15128357216922772,-1.7602667026221752,-1.0,-9.831990653125144,191232,4,-9.483452975976169,1.0
664,-11.949235892325687,23.331552008787792,23.331587857670254,-23.58453267812729,0.022405890427762643,0.15085309060911337,-1.760242384754949,-1.0,-9.94726508125247,191520,5,-9.483452975976169,1.0
665,-11.999271125219861,23.257577459017437,23.257583916187286,-23.510130253103043,0.02250962097120161,0.1504238371530341,-1.7616047950254545,-1.0,-10.202278423336756,191808,6,-9.483452975976169,1.0
666,-11.46529106599703,23.16307744052675,23.163119117418926,-23.414944834179348,0.022211064998474386,0.14999580300516552,-1.7601724978950288,-1.0,-9.772756459133687,192096,7,-9.483452975976169,1.0
667,-12.59388731598089,23.106466392676037,23.106379959318375,-23.358043531576794,0.021541711896942515,0.14956898568198085,-1.7606909113625686,-1.0,-10.02743078666352,192384,8,-9.483452975976169,1.0
668,-13.351298892858694,23.000444034735363,23.000477804077995,-23.251050141122604,0.02342249281678556,0.1491433835795356,-1.7620785037676494,-1.0,-10.260384965065805,192672,9,-9.483452975976169,1.0
669,-12.017645770964075,22.939616170194412,22.939624898963505,-23.18973873058955,0.021642270472107664,0.1487189950938854,-1.7615866383744612,-1.0,-10.260925257478798,192960,10,-9.483452975976169,1.0
670,-12.722917541392695,22.864904589123196,22.86490937736299,-23.113590147760178,0.022098042061164353,0.14829581220530802,-1.759210300942262,-1.0,-9.85773525202679,193248,11,-9.483452975976169,1.0
671,-9.944685631850433,22.783859855598873,22.783885293536716,-23.031880219777424,0.022026987106073648,0.14787383108503288,-1.759810146358278,-1.0,-9.742696057668764,193536,12,-9.483452975976169,1.0
672,-12.200934031456022,22.702601353327434,22.70251566171646,-22.949493262502884,0.02195655285484261,0.14745305281960303,-1.7598116406136088,-1.0,-9.736470148617457,193824,13,-9.483452975976169,1.0
673,-12.332381664768274,22.61974717511071,22.61980226304796,-22.866718663109673,0.021878006619064964,0.14703347145890197,-1.7601602830820613,-1.0,-9.923526593663448,194112,14,-9.483452975976169,1.0
674,-10.498182472092111,22.54843642314275,22.548424071735806,-22.793254329098595,0.021569935789254185,0.14661508151847455,-1.7608490304814444,-1.0,-10.215432088493925,194400,15,-9.483452975976169,1.0
675,-10.365452335510872,22.472085648112827,22.471985419591267,-22.716396510601044,0.021338511465324297,0.14619788475748566,-1.7606406120790377,-1.0,-10.326651029793588,194688,16,-9.483452975976169,1.0
676,-11.771163094361839,22.395153330432045,22.395243929492104,-22.639340082804363,0.02147259073293147,0.14578187812326682,-1.7581081129610538,-1.0,-9.766296479028627,194976,17,-9.483452975976169,1.0
677,-10.34346222003901,22.314870794614155,22.31489939159817,-22.55821891625722,0.02109892291870589,0.14536705281999376,-1.7588627561926842,-1.0,-9.911593297088347,195264,18,-9.483452975976169,1.0
678,-10.757955159061497,22.23718269666036,22.23714280128479,-22.47978248198827,0.021430253542752728,0.1449534104516109,-1.7595471578339736,-1.0,-9.742284972451765,195552,19,-9.483452975976169,1.0
679,-11.606272696448945,22.18252095248964,22.18248177236981,-22.42525950405333,0.022164302163421072,0.1445409421188136,-1.7584307057162125,-1.0,-9.868854725717709,195840,20,-9.483452975976169,1.0
680,-11.340061006459106,22.097278992335003,22.09728918472926,-22.339682393603855,0.020373869253995106,0.14412964549329546,-1.7591679551535182,-1.0,-9.613785520355359,196128,21,-9.483452975976169,1.0
681,-12.066601290465568,22.032688273323906,22.032681034670937,-22.274198353290558,0.020514032360450882,0.14371952414512634,-1.7576578511959977,-1.0,-10.248467045646914,196416,22,-9.483452975976169,1.0
682,-10.727294446665084,21.960739705297684,21.960727592309315,-22.200979987780254,0.0199895108914158,0.14331056472534934,-1.7589227681358655,-1.0,-10.028774110154503,196704,23,-9.483452975976169,1.0
683,-11.975539475423309,21.887278265423245,21.88731173011992,-22.12699473566479,0.02044746110914275,0.14290276847572791,-1.7596707886291876,-1.0,-9.646084522849394,196992,24,-9.483452975976169,1.0
684,-9.83061119985434,21.82785044113795,21.827876336044735,-22.067130810684628,0.01969604387219685,0.14249613653454515,-1.7590313802162807,-1.0,-9.9518205293788,197280,25,-9.483452975976169,1.0
685,-11.731125750045733,21.75099378824234,21.750919719537098,-21.988828195465935,0.020211074572418712,0.14209065969205564,-1.7591923889186647,-1.0,-9.904518652958563,197568,26,-9.483452975976169,1.0
686,-11.24894002148494,21.669997447066837,21.670036647054886,-21.90806245803833,0.02071006179256882,0.1416863343781895,-1.7590864801572428,-1.0,-9.977715958349327,197856,27,-9.483452975976169,1.0
687,-11.171701507481092,21.580231547355652,21.580289158556198,-21.816358274883694,0.020138079575392313,0.14128316349039474,-1.7581511980129614,-1.0,-9.961825011828635,198144,28,-9.483452975976169,1.0
688,-10.635950748522026,21.510710053973728,21.510584745142197,-21.746462689505684,0.021842970315548074,0.1408811427342395,-1.758583188470867,-1.0,-10.219100387155885,198432,29,-9.483452975976169,1.0
689,-12.264435328953649,21.45406660106447,21.45413237810135,-21.690498113632202,0.020426057854719046,0.14048026258953744,-1.7572034630510542,-1.0,-9.851456006955084,198720,30,-9.483452975976169,1.0
690,-11.453115927983673,21.383067071437836,21.383057998286354,-21.618153346909416,0.020094260495776933,0.1400805209349427,-1.7592112148801486,-1.0,-10.347940758775081,199008,31,-9.483452975976169,1.0
691,-12.814104651848915,21.3089069392946,21.308873302406734,-21.543381618128883,0.020276827572767313,0.13968191585606998,-1.75764501053426,-1.0,-9.999545128463906,199296,32,-9.483452975976169,1.0
692,-12.297941898595308,21.24107355541653,21.241079098648495,-21.4746000568072,0.020296827770329803,0.1392844492673046,-1.7580058028300602,-1.0,-9.858146013261383,199584,33,-9.483452975976169,1.0
693,-13.09460724472412,21.159754991531372,21.159764389197033,-21.393351720439064,0.02044793189593798,0.13888811408024695,-1.756984333611197,-1.0,-9.982442176395233,199872,34,-9.483452975976169,1.0
694,-11.951455497246464,21.09860899713304,21.098569472630818,-21.33073714706633,0.019736055511101667,0.13849290367215872,-1.7576294996672206,-1.0,-9.701537797528436,200160,35,-9.483452975976169,1.0
695,-11.603812955539622,21.00847519768609,21.00851485464308,-21.240085787243313,0.020671493001928967,0.13809882026786605,-1.7577406437032752,-1.0,-9.853272096026268,200448,36,-9.483452975976169,1.0
696,-11.992845852017721,20.93486569987403,20.934859269195133,-21.166142490175034,0.019620631378428597,0.1377058564685285,-1.7572840150031779,-1.0,-10.035521742294266,200736,37,-9.483452975976169,1.0
697,-11.563681333773536,20.873083869616192,20.873129063182407,-21.10322513182958,0.019654473758742422,0.13731400911799735,-1.75795805040333,-1.0,-10.562220450028228,201024,38,-9.483452975976169,1.0
698,-11.991440889377829,20.814572354157765,20.8144947025511,-21.044071873029072,0.020260023625774518,0.13692327842323315,-1.756158623016543,-1.0,-10.245587216331993,201312,39,-9.483452975976169,1.0
699,-10.86113716140019,20.742954949537914,20.74301105737686,-20.972037759092117,0.02003072122655188,0.13653366417727536,-1.7562160992787943,-1.0,-9.425575854170184,201600,0,-9.425575854170184,1.0
700,-12.628910448274882,20.668680912918514,20.668686343563927,-20.896775086720783,0.01957332961157792,0.13614515318638748,-1.7583177834749222,-1.0,-9.900917253209995,201888,1,-9.425575854170184,1.0
701,-11.707016677637217,20.587351984447903,20.587299995952183,-20.81477693716685,0.019478777032216184,0.1357577534702917,-1.7562466205822096,-1.0,-9.715311263702764,202176,2,-9.425575854170184,1.0
702,-11.262011204090632,20.53694360786014,20.536936978499096,-20.763887458377415,0.020046811790153798,0.13537118532177475,-1.7570389699604776,-1.0,-10.282757520627378,202464,3,-9.425575854170184,1.0
703,-12.99977265763829,20.44784869088067,20.447897262043423,-20.67400981320275,0.01932445334710388,0.13498442112985584,-1.75637591837181,-1.0,-10.265399368564369,202752,4,-9.425575854170184,1.0
704,-12.490564101302217,20.408567693498398,20.408554448021782,-20.634015454186333,0.01923911208157531,0.1345989527180791,-1.7563008690873783,-1.0,-10.41181534718361,203040,5,-9.425575854170184,1.0
705,-10.862907963026403,20.31812634732988,20.318147977193195,-20.542581227090622,0.02003188257610115,0.13421475106022424,-1.7557966460784276,-1.0,-10.397276231408137,203328,6,-9.425575854170184,1.0
706,-11.185781731429671,20.26156924168269,20.261514710055458,-20.48605579137802,0.018912489652090397,0.13383104910867083,-1.7555200246473153,-1.0,-10.538943999445822,203616,7,-9.425575854170184,1.0
707,-10.20228775692763,20.185507774353027,20.18551739056905,-20.409599973095787,0.018973920196812186,0.13344911268601814,-1.7552080497973495,-1.0,-10.003312342318827,203904,8,-9.425575854170184,1.0
708,-11.085967353648602,20.13568862279256,20.135699053605396,-20.35924932029512,0.018907923755856853,0.1330677451979783,-1.7574073775774903,-1.0,-10.485970000819128,204192,9,-9.425575854170184,1.0
709,-12.192434817535645,20.06489821275075,20.064959128697712,-20.287276897165512,0.018446873957549945,0.13268730158193243,-1.754744311587678,-1.0,-10.656617798656784,204480,10,-9.425575854170184,1.0
710,-10.206696371396685,19.971651368670994,19.97158279021581,-20.193662934833103,0.018890727230528783,0.13230957028766474,-1.7547415821916528,-1.0,-10.192444590359948,204768,11,-9.425575854170184,1.0
711,-10.420888604955882,19.918041990862953,19.91805797153049,-20.13951051235199,0.019397100129733898,0.13193162898015645,-1.7546172228952248,-1.0,-10.090004409161553,205056,12,-9.425575854170184,1.0
712,-10.786072533088168,19.85787657234404,19.857859724097782,-20.07853141758177,0.019253732277623687,0.13155547767463657,-1.7555856650902166,-1.0,-10.019659487621885,205344,13,-9.425575854170184,1.0
713,-12.968336800611024,19.78494115670522,19.784907983409035,-20.004296620686848,0.018497910534885403,0.13117938550810018,-1.7552217919793394,-1.0,-10.010418804070985,205632,14,-9.425575854170184,1.0
714,-11.124641735343477,19.730159130361344,19.730145282215542,-19.94886671172248,0.019427803467907425,0.13080474351429278,-1.7544856870339975,-1.0,-10.376994453813602,205920,15,-9.425575854170184,1.0
715,-10.382700158604717,19.65177403555976,19.651768181059097,-19.87082949611876,0.018777626640965335,0.13043193607073691,-1.7549041195048227,-1.0,-10.736583410474038,206208,16,-9.425575854170184,1.0
716,-10.836120117005576,19.578665216763813,19.578695833683014,-19.796467741330463,0.018391158949169848,0.13005873736821943,-1.7534055531852775,-1.0,-9.59224555696305,206496,17,-9.425575854170184,1.0
717,-10.759999712962243,19.532213674651253,19.532261974281734,-19.749433371755813,0.018579579909176875,0.12968769395310017,-1.7541317231953144,-1.0,-10.931993261989291,206784,18,-9.425575854170184,1.0
718,-11.734542555075285,19.45174531141917,19.451688243283165,-19.6676910188463,0.01918183665192272,0.12931727204057905,-1.7546479979323015,-1.0,-10.03526973865313,207072,19,-9.425575854170184,1.0
719,-11.347564073823404,19.398591114415062,19.39861110183928,-19.613209214475418,0.018805392684751294,0.12894835980195138,-1.7530289329588413,-1.0,-9.990543197396283,207360,20,-9.425575854170184,1.0
720,-11.800496742410708,19.306695222854614,19.306691269079845,-19.521438433064354,0.01848642493132502,0.12858036186339128,-1.7534990343782637,-1.0,-9.510389963839721,207648,21,-9.425575854170184,1.0
721,-12.9525788421698,19.24287197324965,19.242853469318813,-19.45738540093104,0.018656228507299803,0.12821315042674541,-1.753322631948524,-1.0,-10.2548580008852,207936,22,-9.425575854170184,1.0
722,-12.134471203264862,19.19041570689943,19.190390997462803,-19.40455041329066,0.018016571922796883,0.12784692748553222,-1.753735340303845,-1.0,-9.886023410052067,208224,23,-9.425575854170184,1.0
723,-12.41730190598735,19.126487659083473,19.126574012968277,-19.33933049440384,0.01849999831433201,0.1274827329131464,-1.752248603850603,-1.0,-9.966903544267439,208512,24,-9.425575854170184,1.0
724,-11.467052672578442,19.06979078054428,19.069760064284008,-19.282852749029797,0.018470962237592578,0.1271187607716355,-1.7535944117440119,-1.0,-10.32027417450266,208800,25,-9.425575854170184,1.0
725,-10.438602395748497,18.986640499697792,18.986617571777767,-19.198623286353218,0.01848296046955511,0.12675515960695016,-1.7538333754572604,-1.0,-10.281413759955829,209088,26,-9.425575854170184,1.0
726,-11.29521523395292,18.93066958586375,18.93064256509145,-19.141702274481457,0.018715519309302583,0.12639269387970367,-1.75407249149349,-1.0,-10.366222656570962,209376,27,-9.425575854170184,1.0
727,-10.521625098829423,18.87172891696294,18.87176665332582,-19.082224309444427,0.018757773401577853,0.126031628706389,-1.752991600582997,-1.0,-10.090901325700116,209664,28,-9.425575854170184,1.0
728,-11.450054445479076,18.79893613523907,18.798964069949257,-19.00963220993678,0.01824440174580862,0.12567219495152435,-1.7523931057916746,-1.0,-10.513303489272301,209952,29,-9.425575854170184,1.0
729,-11.362850060750704,18.734011822276646,18.73395659526189,-18.943272643619114,0.019455040300575394,0.1253133329252402,-1.7526043868727155,-1.0,-10.503279023540825,210240,30,-9.425575854170184,1.0
730,-11.280676108550301,18.671938677628834,18.671951134999592,-18.881115502781338,0.018715908391944442,0.12495509131501119,-1.7527839297221766,-1.0,-10.633552504726763,210528,31,-9.425575854170184,1.0
731,-10.595175389691171,18.618062847190433,18.61804641617669,-18.826886488331688,0.01860925973677594,0.12459898279565904,-1.7511384847263496,-1.0,-10.058527058617807,210816,32,-9.425575854170184,1.0
732,-10.323005362061282,18.54327082633972,18.543240547180176,-18.750673095385235,0.018255202054408275,0.12424410393254624,-1.7513295751478937,-1.0,-9.732500051749284,211104,33,-9.425575854170184,1.0
733,-10.89447432412492,18.47827711370256,18.478278232945335,-18.685865620772045,0.01848813557363529,0.12388988553235929,-1.749785504407353,-1.0,-9.605378451622883,211392,34,-9.425575854170184,1.0
734,-11.696302082856624,18.407030787732864,18.407115134927963,-18.613581366009182,0.01809825937056707,0.12353660070544316,-1.7518324106931686,-1.0,-10.04295203614346,211680,35,-9.425575854170184,1.0
735,-10.86412243609456,18.346455580658382,18.346392896440292,-18.552259345849354,0.01834077925175532,0.1231827158222182,-1.7531876986225445,-1.0,-9.500114201552954,211968,36,-9.425575854170184,1.0
736,-12.555968385747779,18.290473447905647,18.29052930408054,-18.495963043636745,0.018269339602233634,0.1228306182504942,-1.751040781951613,-1.0,-10.029173603340347,212256,37,-9.425575854170184,1.0
737,-10.174226695447993,18.21961239973704,18.219576842255062,-18.424184726344215,0.018204416966505557,0.12248093533950548,-1.7479368431700602,-1.0,-9.875196984431305,212544,38,-9.425575854170184,1.0
738,-11.430002018792157,18.16031877199809,18.16029696332084,-18.36386915710237,0.01731796334691656,0.12213295894778436,-1.7506303021477327,-1.0,-9.833802015975005,212832,39,-9.425575854170184,1.0
739,-11.759236393060931,18.106444504525925,18.106447100639343,-18.310087263584137,0.017757921214474157,0.12178342453100616,-1.7513139525221453,-1.0,-9.750412499343366,213120,40,-9.425575854170184,1.0
740,-10.65170924209509,18.053344792789883,18.053323487440746,-18.25627291202545,0.017702531583684806,0.1214356870493955,-1.7493004496726725,-1.0,-10.136263840372605,213408,41,-9.425575854170184,1.0
741,-12.777576204228934,17.980996648470562,17.981047928333282,-18.183826446533203,0.017373987298924476,0.12108919870418806,-1.7488907658391528,-1.0,-11.114021180646295,213696,42,-9.425575854170184,1.0
742,-11.113267925180363,17.92143591907289,17.921404262383778,-18.12317204475403,0.018090350647172373,0.12074396834294829,-1.7502551732791796,-1.0,-10.607596042004252,213984,43,-9.425575854170184,1.0
743,-10.539267364013941,17.856122076511383,17.856148064136505,-18.057491223017376,0.017542272165883332,0.12039943841389483,-1.7488209874265723,-1.0,-10.668848608307227,214272,44,-9.425575854170184,1.0
744,-12.69107578736552,17.802098936504787,17.80212617582745,-18.003179536925423,0.01732462755171582,0.12005602834849721,-1.7495410591363907,-1.0,-10.319821864624613,214560,45,-9.425575854170184,1.0
745,-10.656542666062762,17.744535552130806,17.74448549747467,-17.945087399747635,0.01726822131119358,0.11971394456405607,-1.7479460297359362,-1.0,-10.071661981143484,214848,46,-9.425575854170184,1.0
746,-11.999845808226905,17.674275093608433,17.674328585465748,-17.87388261159261,0.01723823362004219,0.11937307900128265,-1.7485184073448181,-1.0,-9.656722601175606,215136,47,-9.425575854170184,1.0
747,-10.860081506999899,17.612519019179874,17.612423539161682,-17.81142889128791,0.016982905912704557,0.11903239217483336,-1.748234650741021,-1.0,-9.782044267210908,215424,48,-9.425575854170184,1.0
748,-10.501277553675607,17.55596688058641,17.556017531288994,-17.75429728958342,0.017397340736351907,0.11869222344830632,-1.7501350777844589,-1.0,-10.127746099633914,215712,49,-9.425575854170184,1.0
749,-11.036190140466251,17.498787972662186,17.498797694842022,-17.69691205686993,0.01676431007217616,0.11835328212732242,-1.7474176213145256,-1.0,-9.855225374244705,216000,50,-9.425575854170184,1.0
750,-12.849995391180741,17.426122619046104,17.42609453201294,-17.623156249523163,0.016775657490749534,0.11801606696099043,-1.747912170158492,-1.0,-10.407485547233328,216288,51,-9.425575854170184,1.0
751,-10.271911844180158,17.35970503754086,17.35974661509196,-17.556944065623814,0.01706670512471141,0.11767922432368828,-1.7479666123787563,-1.0,-9.732657716133653,216576,52,-9.425575854170184,1.0
752,-12.00171773927352,17.32379158337911,17.323766701751286,-17.519880056381226,0.01672979376033052,0.11734295111253029,-1.7479455889099174,-1.0,-10.507014170023764,216864,53,-9.425575854170184,1.0
753,-11.262783375130576,17.26276497046153,17.262770162688362,-17.458889537387424,0.01680315354800162,0.1170072566666123,-1.75009809103277,-1.0,-9.605719145687631,217152,54,-9.425575854170184,1.0
754,-12.785598335376038,17.188072058889603,17.18803017669254,-17.383058455255295,0.01698288450198662,0.11667268870708843,-1.7468294377128284,-1.0,-10.384385119779173,217440,55,-9.425575854170184,1.0
755,-10.580774989737645,17.126731243398453,17.126705427964527,-17.320680399735767,0.017019256642217644,0.1163399405260053,-1.7485697004530165,-1.0,-10.339356227589967,217728,56,-9.425575854170184,1.0
756,-11.238193260797322,17.076488236586254,17.07653895351622,-17.270056227842968,0.017245546225846436,0.1160082356331663,-1.7478528482218583,-1.0,-9.701457524611365,218016,57,-9.425575854170184,1.0
757,-10.152531804287863,17.00528473324246,17.005260043674046,-17.198500626617008,0.017497857586325456,0.11567661274845402,-1.7476951442658901,-1.0,-9.943127141633838,218304,58,-9.425575854170184,1.0
758,-9.736737296324204,16.95152868827184,16.951517350143856,-17.14435558186637,0.017044249090961076,0.11534709783477916,-1.7447786914805572,-1.0,-10.105126418901557,218592,59,-9.425575854170184,1.0
759,-9.897430304680093,16.89456683397293,16.894631405671436,-17.0859597325325,0.016987294304676145,0.11501876324311727,-1.747513206054767,-1.0,-10.347963447588294,218880,60,-9.425575854170184,1.0
760,-11.05212239732297,16.838807066281635,16.838729169633652,-17.029657377137077,0.016657102306554507,0.11469010708646642,-1.7473936316867669,-1.0,-10.442096520286306,219168,61,-9.425575854170184,1.0
761,-11.098844741283758,16.758309258355034,16.758366247018177,-16.949103328916763,0.016783782973005954,0.11436261873071392,-1.7476916623612244,-1.0,-10.242557508951494,219456,62,-9.425575854170184,1.0
762,-10.759024273217642,16.725039396021103,16.725047416157192,-16.915109872817993,0.016577026826174308,0.11403577865308358,-1.7473488305177953,-1.0,-10.01719207137397,219744,63,-9.425575854170184,1.0
763,-11.948591322529303,16.657235085964203,16.65719724363751,-16.84701516230901,0.016717933881510463,0.1137103520385507,-1.744939659618669,-1.0,-9.77519837008841,220032,64,-9.425575854170184,1.0
764,-11.956832801116061,16.602860126230453,16.60291310151418,-16.79218206803004,0.01705257441951997,0.11338650968132748,-1.7472650818526745,-1.0,-10.928481838951443,220320,65,-9.425575854170184,1.0
765,-11.879357721447485,16.53763527340359,16.537603504127926,-16.725298755698734,0.016875485236394323,0.11306315106857154,-1.7453435526953802,-1.0,-9.686135412757517,220608,66,-9.425575854170184,1.0
766,-10.632222675578207,16.48691636323929,16.486903773413765,-16.674592673778534,0.016861557042122714,0.11274007443959515,-1.7472831801407867,-1.0,-10.013931858985886,220896,67,-9.425575854170184,1.0
767,-11.357477981477594,16.42185713847478,16.42189657025867,-16.60894716448254,0.016530403126833133,0.11241739825345576,-1.7460798890226417,-1.0,-10.237120671448414,221184,68,-9.425575854170184,1.0
768,-11.664475073558341,16.368558903535206,16.368507941563923,-16.555459492736393,0.016817227371373318,0.11209751988968088,-1.7449779812660482,-1.0,-10.404029135802567,221472,69,-9.425575854170184,1.0
769,-10.292427495016174,16.30835551685757,16.30838681260745,-16.495139280954998,0.01588267573646994,0.11177782101246218,-1.745336740381188,-1.0,-9.730035422743347,221760,70,-9.425575854170184,1.0
770,-11.388539648870195,16.261891424655914,16.261865556240082,-16.447167959478165,0.015908384614805173,0.11145882988866004,-1.7455229564673371,-1.0,-9.959641877692194,222048,71,-9.425575854170184,1.0
771,-10.546286041928818,16.209771864944035,16.209745264715618,-16.395247757434845,0.016002685433098424,0.11114029697556463,-1.7457071878015995,-1.0,-9.638005624278627,222336,72,-9.425575854170184,1.0
772,-11.553914086273592,16.142827997605007,16.14286795258522,-16.327627347575294,0.015268076324395629,0.11082384370577832,-1.7454013340175152,-1.0,-10.050688645349586,222624,73,-9.425575854170184,1.0
773,-11.002660379199192,16.082694354984497,16.08269057340092,-16.266184836626053,0.015269016281106614,0.11050793453533617,-1.7448980162541072,-1.0,-9.776036164287516,222912,74,-9.425575854170184,1.0
774,-10.491395426198185,16.03413712647226,16.034115466806625,-16.217568539910847,0.01561550322933019,0.11019243822536534,-1.7435824502673414,-1.0,-10.050563348055292,223200,75,-9.425575854170184,1.0
775,-11.513726993420603,15.975679298241934,15.975698639949163,-16.15861365861363,0.015965770166884694,0.10987840613557233,-1.7455455097887251,-1.0,-9.544490870060583,223488,76,-9.425575854170184,1.0
776,-10.939072632862054,15.925344569815529,15.92531630065706,-16.108341958787705,0.01602265854146228,0.10956413089297712,-1.7455522405604522,-1.0,-13.387804866267494,223776,77,-9.425575854170184,1.0
777,-11.604587190010493,15.860429267088572,15.86040461063385,-16.04270980424351,0.015381063997564424,0.10925086709256801,-1.7445792398518987,-1.0,-9.847795762857542,224064,78,-9.425575854170184,1.0
778,-10.334950759934088,15.807652046283087,15.807691683371862,-15.989776730537415,0.015618228848325089,0.10894056306117111,-1.7411240099204912,-1.0,-9.596828446188935,224352,79,-9.425575854170184,1.0
779,-10.95429931133522,15.749579148160088,15.749578161372078,-15.930354353454378,0.01584850194437119,0.1086309063507037,-1.7425486453705363,-1.0,-12.161395906728183,224640,80,-9.425575854170184,1.0
780,-12.278802004298575,15.699551247888142,15.699569582939148,-15.879899664057625,0.015924352968189243,0.10832168645639387,-1.7424782489736874,-1.0,-9.534282180540716,224928,81,-9.425575854170184,1.0
781,-10.453664783441026,15.646034071842829,15.646001994609833,-15.825388881895277,0.015617183338488556,0.10801219831531246,-1.7438109653691451,-1.0,-10.158311133533923,225216,82,-9.425575854170184,1.0
782,-12.28697033387839,15.596474826335907,15.596474634276497,-15.776245266199112,0.01611388029090853,0.10770321552020808,-1.742081805649731,-1.0,-10.230865246338041,225504,83,-9.425575854170184,1.0
783,-10.852285625561489,15.540799799892637,15.540780507855946,-15.71934442387687,0.016214291432536103,0.10739618953731325,-1.7426825948059559,-1.0,-9.565543957523834,225792,84,-9.425575854170184,1.0
784,-11.00049310504935,15.475074443552229,15.475036763482624,-15.653821974992752,0.015853204146777797,0.1070897538577103,-1.7410133253369067,-1.0,-10.070869697182879,226080,85,-9.425575854170184,1.0
785,-11.10257866043908,15.440015822649002,15.440030899312761,-15.617754138178295,0.01650291198812839,0.1067845251204239,-1.74200462963846,-1.0,-15.223375861024872,226368,86,-9.425575854170184,1.0
786,-10.104545279132253,15.368867523140377,15.368854747878181,-15.546154449383417,0.01600440040864568,0.10648005520407525,-1.7421992106570139,-1.0,-15.041661744706303,226656,87,-9.425575854170184,1.0
787,-10.535928380082474,15.325638754500282,15.32562349902259,-15.503047148386637,0.015335243657722862,0.106177353222544,-1.7389166930483446,-1.0,-9.776157763261976,226944,88,-9.425575854170184,1.0
788,-10.698130432589398,15.27487787604332,15.274884048435423,-15.4510534438822,0.015655395374374673,0.10587515976900856,-1.7397315986454487,-1.0,-10.370674535312135,227232,89,-9.425575854170184,1.0
789,-10.337553659216304,15.226748390330208,15.22674560546875,-15.402422851986355,0.015075348055688664,0.10557270808041924,-1.7402681352363691,-1.0,-10.026981973567416,227520,90,-9.425575854170184,1.0
790,-11.448161621429163,15.184729208548864,15.184777826070786,-15.360054675075743,0.01548767739505921,0.10527162639320725,-1.7406210377812386,-1.0,-9.619696174681268,227808,91,-9.425575854170184,1.0
791,-10.630286399034865,15.11537895268864,15.115365972121557,-15.289991408586502,0.015879113602245018,0.10497086303722528,-1.7396301320857472,-1.0,-9.549147250065948,228096,92,-9.425575854170184,1.0
792,-10.967229807525207,15.063580122258928,15.06355255179935,-15.237927758031422,0.01612987368328807,0.1046719893347472,-1.7408574608465035,-1.0,-10.453960176439667,228384,93,-9.425575854170184,1.0
793,-10.621213775661829,15.01719179087215,15.0172318816185,-15.191153738233778,0.016610723826387484,0.1043736207454155,-1.7398988186485238,-1.0,-9.79554977433155,228672,94,-9.425575854170184,1.0
794,-12.075444802414298,14.96473972333802,14.96477640668551,-15.137615773412916,0.01660779740713123,0.10407618055534032,-1.7392933368682861,-1.0,-10.974180347575016,228960,95,-9.425575854170184,1.0
795,-10.913409695619803,14.90951488746537,14.90942198700375,-15.081441001759636,0.017130979711914227,0.10377957940929466,-1.7383912081519763,-1.0,-13.945502386303353,229248,96,-9.425575854170184,1.0
796,-9.551508314314995,14.850917958550983,14.850983454121483,-15.022361089785894,0.017070433121666104,0.10348435651717915,-1.737155789302455,-1.0,-9.647047616346764,229536,97,-9.425575854170184,1.0
797,-10.66764190783457,14.801010416613686,14.800974498192469,-14.972705649005043,0.01641428653642328,0.10318963785862757,-1.738154801643557,-1.0,-9.777206600309404,229824,98,-9.425575854170184,1.0
798,-9.804190014544728,14.730168879032135,14.73019650247362,-14.90070515871048,0.016925740256232932,0.10289554150464635,-1.7381682271758716,-1.0,-10.68705992574822,230112,99,-9.425575854170184,1.0
799,-9.702382580244928,14.69983074731297,14.69982323050499,-14.870542251401478,0.01652528346231621,0.10260232540571855,-1.7372368520332708,-1.0,-11.622393852212786,230400,100,-9.425575854170184,1.0
800,-9.842240583585745,14.653191212150785,14.653210779031118,-14.823275652196672,0.015969840796767838,0.10231022805803353,-1.7361332024965022,-1.0,-9.889920161112746,230688,101,-9.425575854170184,1.0
801,-11.325636079131119,14.59196134739452,14.59188778201739,-14.761141137944328,0.016627950726413272,0.10201959888864723,-1.7357603224615257,-1.0,-10.5547523789822,230976,102,-9.425575854170184,1.0
802,-11.272884814381035,14.54349242316352,14.543512397342258,-14.712706128756205,0.01677036680565733,0.1017284148062269,-1.7385677124063175,-1.0,-9.794092282863824,231264,103,-9.425575854170184,1.0
803,-10.373327736678956,14.485902577638626,14.485970043473774,-14.654251207907995,0.016209472200393468,0.10143745887196726,-1.7351322182350688,-1.0,-9.677702383119104,231552,104,-9.425575854170184,1.0
804,-12.23713187451217,14.425850321849188,14.4257816043165,-14.592429078287548,0.016619237162457366,0.1011489198750092,-1.7363315456443362,-1.0,-10.253841426375415,231840,105,-9.425575854170184,1.0
805,-10.237529923289504,14.3797304795848,14.379774087005192,-14.547479301691055,0.01614644930102966,0.10086045716889203,-1.7339723697967,-1.0,-9.833679706156294,232128,106,-9.425575854170184,1.0
806,-11.093218805016884,14.319438632991579,14.319432003630531,-14.48664825823572,0.016367959880477026,0.10057377256453037,-1.7352758273482323,-1.0,-9.826397536526235,232416,107,-9.425575854170184,1.0
807,-12.26167585726979,14.290557877884972,14.29057452082634,-14.457389808363384,0.01570354118787994,0.10028624627739191,-1.7372101027932432,-1.0,-9.863194738020931,232704,108,-9.425575854170184,1.0
808,-10.725436126642512,14.22478417886628,14.224722650316027,-14.391010920206705,0.016160796069824655,0.10000026575289667,-1.7350361078149743,-1.0,-9.743757738020072,232992,109,-9.425575854170184,1.0
809,-11.292340007870811,14.174644629160563,14.174734165271124,-14.340894831551445,0.015704501581947423,0.099715475898443,-1.7336203335887856,-1.0,-9.623870845431014,233280,110,-9.425575854170184,1.0
810,-10.991679955549182,14.124015861087376,14.124002983172735,-14.289716737137901,0.015827472974908434,0.09943221434433427,-1.7340754585133658,-1.0,-11.12534989477282,233568,111,-9.425575854170184,1.0
811,-10.616283505056082,14.085570640034145,14.085499319765303,-14.250262220700582,0.01566671911213133,0.09914923172133665,-1.7322290026479297,-1.0,-9.911591010665632,233856,112,-9.425575854170184,1.0
812,-11.77005372241657,14.006361332204607,14.006370494763056,-14.170687278111776,0.015664192877011374,0.0988673427556124,-1.7333173515896003,-1.0,-10.546656977723098,234144,113,-9.425575854170184,1.0
813,-10.039129702527735,13.970346692535612,13.970388137631947,-14.13438031077385,0.015061660520991104,0.09858419420197606,-1.737307840751277,-1.0,-14.273604753456562,234432,114,-9.425575854170184,1.0
814,-9.839752110462129,13.930523325999578,13.930511511034435,-14.093860526879629,0.01540477822224299,0.09830259366167916,-1.731862858351734,-1.0,-15.16653111569741,234720,115,-9.425575854170184,1.0
815,-10.015420132213514,13.878479573461744,13.878462791442871,-14.04198005133205,0.015208287067556133,0.0980227348756873,-1.7331015637351408,-1.0,-13.080081557871942,235008,116,-9.425575854170184,1.0
816,-11.315178543158089,13.820645365450117,13.820634411440956,-13.98352892200152,0.015024800057290122,0.09774310237521099,-1.7329902334345713,-1.0,-12.307161547851331,235296,117,-9.425575854170184,1.0
817,-11.297652126576514,13.776142017708885,13.776187049018013,-13.93794732954767,0.015493994520511478,0.09746472547865576,-1.7317004977828927,-1.0,-9.714577098798147,235584,118,-9.425575854170184,1.0
818,-11.864077780487817,13.713057196802563,13.713055974907345,-13.874811288383272,0.01525571548457568,0.0971867611580011,-1.7345823724236753,-1.0,-11.17185009936808,235872,119,-9.425575854170184,1.0
819,-11.519172628559554,13.679890642563501,13.67988798684544,-13.841285765171051,0.014519750635372475,0.09690898085116512,-1.7326702649394672,-1.0,-14.036460259395739,236160,120,-9.425575854170184,1.0
820,-10.54969793098314,13.639766335487366,13.639703015486399,-13.79973061548339,0.015076664121200642,0.09663283090210623,-1.7327149075766404,-1.0,-15.380222384264487,236448,121,-9.425575854170184,1.0
821,-11.521249400022997,13.571560757027733,13.571620222595003,-13.73127496904797,0.01519752499815594,0.09635776925521593,-1.7318885541624494,-1.0,-12.34826509521528,236736,122,-9.425575854170184,1.0
822,-11.541265720053477,13.516107324096891,13.51609397596783,-13.675642314884398,0.014798725379579183,0.09608369742313193,-1.7300383175412815,-1.0,-11.105131080221073,237024,123,-9.425575854170184,1.0
823,-10.634330044983287,13.472020745277405,13.472021334701115,-13.630622923374176,0.01493334818385645,0.0958106398013317,-1.7304544229474332,-1.0,-9.63713797719243,237312,124,-9.425575854170184,1.0
824,-11.431017071939817,13.430186957120895,13.430193348063362,-13.589033467902077,0.014562896679207269,0.09553828136995435,-1.7296634991135862,-1.0,-14.418529117354362,237600,125,-9.425575854170184,1.0
825,-10.161969392353704,13.374584674835205,13.374548263019985,-13.5330701371034,0.014402847319918996,0.09526607681376238,-1.7279171620806058,-1.0,-12.123382571614975,237888,126,-9.425575854170184,1.0
826,-10.515267967053903,13.329354468319151,13.329389108551872,-13.486290699905819,0.015075887559861358,0.09499527203540008,-1.7264716145065095,-1.0,-12.897706635947026,238176,127,-9.425575854170184,1.0
827,-11.059492372303882,13.278629107607735,13.278660933176676,-13.435170117351744,0.014970903663197532,0.0947254388851838,-1.7267753411498334,-1.0,-12.184979280149605,238464,128,-9.425575854170184,1.0
828,-10.241469719149556,13.23654188050164,13.236520833439297,-13.392953425645828,0.014615601300546486,0.09445607486284441,-1.7266892906692293,-1.0,-14.439963642123146,238752,129,-9.425575854170184,1.0
829,-10.541342064117615,13.186695357163748,13.186700926886665,-13.342803027894762,0.015082959780961068,0.09418700420711604,-1.7273839455511835,-1.0,-15.1483339245149,239040,130,-9.425575854170184,1.0
830,-10.976767121135222,13.144980844524172,13.144938909345203,-13.300931248399946,0.014865674776956439,0.09391836009712683,-1.7303734218908682,-1.0,-10.667991254169477,239328,131,-9.425575854170184,1.0
831,-11.597708715394724,13.09572904639774,13.095753318733639,-13.251428994867537,0.014396573559174107,0.09365016079714729,-1.7268851817482047,-1.0,-10.207357832823227,239616,132,-9.425575854170184,1.0
832,-11.19885453961094,13.048213422298431,13.048219545019997,-13.203732010391024,0.014533192575779848,0.09338314694145487,-1.7281119256383843,-1.0,-9.997967147357562,239904,133,-9.425575854170184,1.0
833,-11.734657104378348,13.010621315903133,13.010601901345783,-13.165276341968113,0.015280241871045696,0.09311651177186933,-1.726714849885967,-1.0,-13.729637384589482,240192,134,-9.425575854170184,1.0
834,-10.41622823559726,12.953757087389628,12.953750001059639,-13.107994473642773,0.01477823857890649,0.09285158992538022,-1.7255196885930166,-1.0,-12.443333353471559,240480,135,-9.425575854170184,1.0
835,-9.979618380170788,12.913002967834473,12.912987702422672,-13.066919922828674,0.014458162073020099,0.0925868001456062,-1.7268759831786156,-1.0,-14.925029528193145,240768,136,-9.425575854170184,1.0
836,-10.25380754271032,12.858871006303364,12.858896679348415,-13.01192342903879,0.014905469323922362,0.09232223253800637,-1.72588374838233,-1.0,-14.088434897692721,241056,137,-9.425575854170184,1.0
837,-11.257992531707961,12.821394705110126,12.821392638815773,-12.974369568957222,0.01464579093347614,0.0920596566154725,-1.7225838945143752,-1.0,-12.530879605547469,241344,138,-9.425575854170184,1.0
838,-10.295713445457427,12.778186788161596,12.77817298968633,-12.930694997310638,0.015036688118319338,0.0917977260477427,-1.7257481204966705,-1.0,-11.217066379271495,241632,139,-9.425575854170184,1.0
839,-10.111795444808891,12.721664173735512,12.7216531071398,-12.873356997966766,0.014641078696715541,0.09153603974522816,-1.724945590313938,-1.0,-13.234352605581506,241920,140,-9.425575854170184,1.0
840,-12.365459449466833,12.680904315577614,12.68090451757113,-12.832060330443912,0.01511292151796321,0.0912749065965828,-1.7244919153551261,-1.0,-14.95430298966653,242208,141,-9.425575854170184,1.0
841,-10.906692893678363,12.635572294394175,12.635556264056099,-12.785705192221535,0.014674092209639234,0.09101501127911939,-1.7225263035959668,-1.0,-11.863778577904718,242496,142,-9.425575854170184,1.0
842,-10.58923000257344,12.593821777237785,12.593844460116493,-12.74360469645924,0.014726207908501642,0.09075511872975363,-1.7260819830828242,-1.0,-12.544459086159954,242784,143,-9.425575854170184,1.0
843,-8.964802199248062,12.538407305876413,12.538397487666872,-12.687755902608236,0.014997641193783946,0.09049634896736178,-1.721527512702677,-1.0,-14.723010155911398,243072,144,-9.425575854170184,1.0
844,-11.95679477037714,12.490459793143803,12.490476571851307,-12.639463858471977,0.014985806991009869,0.09023844859459335,-1.7259356429179509,-1.0,-14.923101585884643,243360,145,-9.425575854170184,1.0
845,-10.851726541065027,12.439033610953224,12.43902399804857,-12.587978028588825,0.015013651560164161,0.08998104215910037,-1.7243131817215018,-1.0,-13.696716785475,243648,146,-9.425575854170184,1.0
846,-10.7186350610617,12.392081578572592,12.392050630516476,-12.540233989556631,0.015034023539758183,0.08972448221821752,-1.7253309562802315,-1.0,-12.264856389198508,243936,147,-9.425575854170184,1.0
847,-10.594311376157835,12.341837737295362,12.34185019466612,-12.490203579266867,0.014351474800302336,0.08946855524037448,-1.72362622535891,-1.0,-14.533058051399202,244224,148,-9.425575854170184,1.0
848,-10.270803804833156,12.302707741657892,12.302743530935711,-12.450408067968157,0.014639183552288968,0.089213736820966,-1.722654089745548,-1.0,-15.204904896617753,244512,149,-9.425575854170184,1.0
849,-10.517163035595471,12.262905789746178,12.26288730237219,-12.410132322046492,0.01448918516204382,0.0889600817528036,-1.7224972198406856,-1.0,-16.43873036968255,244800,150,-9.425575854170184,1.0
850,-11.006183557824274,12.223050779766506,12.223032282458412,-12.369680093394386,0.014847327638158781,0.0887067343832718,-1.7217619841297467,-1.0,-11.372893073993504,245088,151,-9.425575854170184,1.0
851,-10.89249659354875,12.16706712047259,12.167018711566925,-12.313777844111124,0.014721448177523497,0.08845376381133166,-1.721760424060954,-1.0,-16.39759130003826,245376,152,-9.425575854170184,1.0
852,-11.61874001341856,12.12974649336603,12.12979198495547,-12.275902509689331,0.014690615330538195,0.08820193390258485,-1.7208906921247642,-1.0,-10.517251983077445,245664,153,-9.425575854170184,1.0
853,-9.821637504241894,12.090616352028317,12.0906001329422,-12.23644839061631,0.014231420118853243,0.08794983357398047,-1.723808541893959,-1.0,-12.989792606204304,245952,154,-9.425575854170184,1.0
854,-10.873961555443659,12.038467698627048,12.038483377959993,-12.184016005860435,0.014160037826513872,0.0876988690191259,-1.7190785263147619,-1.0,-13.880223899657375,246240,155,-9.425575854170184,1.0
855,-10.527582728323551,11.980570213662254,11.980481932560602,-12.125796761777666,0.014160462128024342,0.0874491806090292,-1.721098060409228,-1.0,-14.884756275847685,246528,156,-9.425575854170184,1.0
856,-10.855976750751699,11.947254657745361,11.947339521514046,-12.091092490487629,0.014146106081574948,0.08720003728133936,-1.7178936654494867,-1.0,-14.461864157780022,246816,157,-9.425575854170184,1.0
857,-10.779930023297359,11.909382283687592,11.909318957063887,-12.052827778789732,0.014557126893325605,0.08695196233586305,-1.7195293961299791,-1.0,-15.769021731758395,247104,158,-9.425575854170184,1.0
858,-10.751249024838003,11.866825107071135,11.86688384744856,-12.009983059432772,0.014194010773078643,0.08670430938299331,-1.7196325879130099,-1.0,-15.829961179609798,247392,159,-9.425575854170184,1.0
859,-10.948956319965664,11.813026428222656,11.81303303109275,-11.956115739213097,0.014538333735092439,0.08645718371392125,-1.7197896387014124,-1.0,-13.995250656563906,247680,160,-9.425575854170184,1.0
860,-10.016571522959005,11.780574321746826,11.780578080150816,-11.922327856222788,0.01447552461629837,0.08621091866451833,-1.7184421900245879,-1.0,-11.950191675558836,247968,161,-9.425575854170184,1.0
861,-11.395707182271247,11.733000927501255,11.732986883984672,-11.874147792657217,0.014317868833637072,0.08596490944425265,-1.7231162339448929,-1.0,-14.164823359548032,248256,162,-9.425575854170184,1.0
862,-11.422035064606064,11.684446354707083,11.684400419394175,-11.824696878592173,0.014876085304422304,0.08571950806718734,-1.717203197379907,-1.0,-14.764696459488194,248544,163,-9.425575854170184,1.0
863,-11.149762321315269,11.64930698606703,11.64933524860276,-11.790090888738632,0.01430618429246048,0.08547592703770432,-1.7195871505472395,-1.0,-14.066694333112059,248832,164,-9.425575854170184,1.0
864,-10.833492632778526,11.590914964675903,11.590932942099041,-11.730480617947048,0.014504005602147017,0.0852326521029075,-1.7158006433811452,-1.0,-14.893224248316026,249120,165,-9.425575854170184,1.0
865,-10.29061183695567,11.554266154766083,11.554321772522396,-11.69160775343577,0.01480677438667044,0.08498931081137723,-1.7164248621298208,-1.0,-14.499919549163641,249408,166,-9.425575854170184,1.0
866,-11.70687734532847,11.513936675257153,11.513907796806759,-11.6523846619659,0.013812578742444102,0.0847473059160014,-1.7191483738521736,-1.0,-16.457092153926133,249696,167,-9.425575854170184,1.0
867,-10.599864677968299,11.469904369778103,11.469832691881392,-11.60828228460418,0.014265681468209045,0.08450505398731264,-1.717283061395089,-1.0,-16.59560531262922,249984,168,-9.425575854170184,1.0
868,-10.74566144478772,11.43590916527642,11.435986396339205,-11.574288659625584,0.013755445397691801,0.08426419229039715,-1.7165800610350237,-1.0,-11.667697766299606,250272,169,-9.425575854170184,1.0
869,-9.684931174634647,11.379377567105823,11.379336833953857,-11.517923927969402,0.014210910461972363,0.08402346886901392,-1.7189364511933591,-1.0,-9.555014852415152,250560,170,-9.425575854170184,1.0
870,-10.679685232168346,11.333043793837229,11.333047284020317,-11.471285614702436,0.014124288608501148,0.0837834349885169,-1.7166935925682385,-1.0,-15.262946598876377,250848,171,-9.425575854170184,1.0
871,-11.274805667473997,11.288965851068497,11.288956685198677,-11.427531586752998,0.013494206136480594,0.08354532361651461,-1.7142631651626692,-1.0,-11.77587748246426,251136,172,-9.425575854170184,1.0
872,-10.308134786120355,11.249830570485857,11.24981665942404,-11.387418025069767,0.01381286873947829,0.08330754811565082,-1.7172590759065416,-1.0,-15.851145057987674,251424,173,-9.425575854170184,1.0
873,-10.513353409821413,11.21585586004787,11.215871161884731,-11.353395266665352,0.013801560239193754,0.08307004005958636,-1.7178420445157423,-1.0,-14.519207431222037,251712,174,-9.425575854170184,1.0
874,-11.398877376385586,11.167003237538868,11.166987680726582,-11.303584572341707,0.013759266598046653,0.08283251653321916,-1.7180805901686351,-1.0,-10.815461554342308,252000,175,-9.425575854170184,1.0
875,-11.028681399388413,11.124444918500053,11.124457283152474,-11.261022908820046,0.013652791692745976,0.08259635651484132,-1.7142680829597845,-1.0,-16.139350454306843,252288,176,-9.425575854170184,1.0
876,-10.333103981497255,11.068957305616802,11.068950557046467,-11.205611652798122,0.013798756075427972,0.08236176662871407,-1.7119788829651144,-1.0,-15.163977343236203,252576,177,-9.425575854170184,1.0
877,-10.301984952660177,11.042403419812521,11.042449371682274,-11.178149928649267,0.014128333630247248,0.08212739260246356,-1.714975119051006,-1.0,-14.349999974678889,252864,178,-9.425575854170184,1.0
878,-11.402290706187209,10.998677472273508,10.998593558867773,-11.134137166870964,0.014281797135481611,0.08189360737904078,-1.7155619093941317,-1.0,-15.121042273628229,253152,179,-9.425575854170184,1.0
879,-11.384008977629598,10.960242572757933,10.960250165727404,-11.095024002922905,0.013721260271267965,0.08165994454692635,-1.7134718646605809,-1.0,-13.827723035020954,253440,180,-9.425575854170184,1.0
880,-12.504048179514246,10.92600283688969,10.92602088716295,-11.06008063753446,0.01408743599960063,0.08142801087039213,-1.7115634207924206,-1.0,-15.307907792384759,253728,181,-9.425575854170184,1.0
881,-10.446767038627655,10.866708315081066,10.86671624912156,-11.001061896483103,0.013923338300729584,0.0811954719117946,-1.7148397179941337,-1.0,-15.161211567249877,254016,182,-9.425575854170184,1.0
882,-12.543075048891172,10.827751686175665,10.827739490403069,-10.96160583694776,0.014403843860943906,0.08096381654548976,-1.7135311332013872,-1.0,-14.929295334807174,254304,183,-9.425575854170184,1.0
883,-11.062075010885788,10.785677668121126,10.785653909047445,-10.919698983430862,0.01423950322269876,0.08073343352104227,-1.7112294104364183,-1.0,-13.898197834364991,254592,184,-9.425575854170184,1.0
884,-11.347457596809228,10.746673236290613,10.746697111262215,-10.88043976492352,0.013269598013721406,0.08050365345035163,-1.7118954840633605,-1.0,-13.745662689859776,254880,185,-9.425575854170184,1.0
885,-11.133493731350788,10.70459128750695,10.704552150434917,-10.837060146861607,0.013905835690416602,0.0802747311277522,-1.7105093147191737,-1.0,-14.685841438750765,255168,186,-9.425575854170184,1.0
886,-10.453066889381716,10.666770603921679,10.666751818524467,-10.799569103452894,0.013723738779339733,0.08004570586813821,-1.712612721655104,-1.0,-14.500489176914144,255456,187,-9.425575854170184,1.0
887,-11.125104805714145,10.63121434715059,10.631230930487314,-10.763559533490074,0.013467536123547083,0.07981724718896051,-1.711089827120304,-1.0,-16.486090065839807,255744,188,-9.425575854170184,1.0
888,-11.189686980273274,10.589343312713835,10.589367323451572,-10.721047312021255,0.013681068987352774,0.0795899230417692,-1.7123893905017111,-1.0,-14.454712787040227,256032,189,-9.425575854170184,1.0
889,-11.16085228168693,10.537129229969448,10.537115577194426,-10.66821312573221,0.013437183069375655,0.07936257941441403,-1.7112498875293467,-1.0,-12.151884668273288,256320,190,-9.425575854170184,1.0
890,-10.312253068241569,10.504432807366053,10.504401571220821,-10.635483019881779,0.013284585619759228,0.07913571474556294,-1.7136076750854652,-1.0,-16.379881900100553,256608,191,-9.425575854170184,1.0
891,-9.602892270160348,10.458122150765526,10.458158966567781,-10.588493314054277,0.013999883771046169,0.0789101805486199,-1.710621157868041,-1.0,-12.318364894780911,256896,192,-9.425575854170184,1.0
892,-10.042125239128943,10.416924552785026,10.41689786977238,-10.546783708863789,0.013485623075717336,0.07868541039836903,-1.7107582725584507,-1.0,-11.527016869220487,257184,193,-9.425575854170184,1.0
893,-12.403023896835098,10.378202246295082,10.378238015704685,-10.507506079143948,0.0135352487898975,0.07846139314480954,-1.7102720799545448,-1.0,-16.355563712699887,257472,194,-9.425575854170184,1.0
894,-9.757219926216974,10.340893417596817,10.340867327319252,-10.469920380247963,0.013578796102794714,0.07823737827129662,-1.7136612174411614,-1.0,-13.652866618622769,257760,195,-9.425575854170184,1.0
895,-11.03703401386714,10.294288761085934,10.294284333785376,-10.42306775185797,0.01376955223774227,0.07801389220791559,-1.710669916537073,-1.0,-15.816851609062448,258048,196,-9.425575854170184,1.0
896,-10.897319597291457,10.253413197067049,10.253428445922005,-10.381927169031567,0.013520224938272603,0.07779209186426467,-1.7096056122746732,-1.0,-16.446573431131686,258336,197,-9.425575854170184,1.0
897,-10.0818769084563,10.232226851913664,10.23221046394772,-10.359522001610863,0.013806585070496011,0.07756989410457511,-1.7126571643683646,-1.0,-13.037115186439813,258624,198,-9.425575854170184,1.0
898,-11.33763641390377,10.182866520351833,10.182882540755802,-10.310683012008667,0.013291832826022679,0.0773477191881587,-1.7122263924943075,-1.0,-11.453037387447418,258912,199,-9.425575854170184,1.0
